gv_id,host_id,gv_order,host_tax,no_of_layers,layers,host_tax_perc
Fred_2_3,Fred_tig00010071-10-2322020_lc,Pandoravirales,Actinomycetota bacterium,3,"crispr, gene_sharing, integration_middle","14,2857"
Hade_1,Hade_tig00003088-10-4372090_lc,Pimascovirales,bacterium,4,"crispr, gene_sharing, integration_boundary, integration_middle","8,97436"
Hjor_1,Hjor_tig00001270-10-4746200_lc,Pimascovirales,uncultured virus,4,"crispr, gene_sharing, integration_boundary, integration_middle","21,7391"
Hjor_2_3_4_6,Hjor_tig00005142-10-1794980_lc,Imitervirales,Alphaproteobacteria bacterium,3,"crispr, gene_sharing, integration_middle","7,69231"
Lyne_1,OdNE_tig00000187-10-14157450_lc,Imitervirales,Cotonvirus japonicus,2,"crispr, gene_sharing","6,89655"
OdNE_1,OdNE_tig00000187-10-14157450_lc,Imitervirales,Cotonvirus japonicus,3,"crispr, gene_sharing, integration_middle","6,89655"
Skiv_3_6,OdNE_tig00000187-10-14157450_lc,Imitervirales,Cotonvirus japonicus,3,"crispr, gene_sharing, integration_middle","6,89655"
Viby_1_2_3_4,OdNE_tig00000187-10-14157450_lc,Imitervirales,Cotonvirus japonicus,4,"crispr, gene_sharing, integration_boundary, integration_middle","6,89655"
Bjer_1,Bjer_tig00003152-10-4648240_lc,Asfuvirales,Pacmanvirus A23,3,"gene_sharing, integration_boundary, integration_middle","5,71429"
Bjer_1,Damh_tig00001620-10-2012370_lc,Asfuvirales,Pacmanvirus A23,2,"gene_sharing, integration_middle","13,3333"
Bjer_1,Damh_tig00003367-10-1511030_lc,Asfuvirales,Marseillevirus LCMAC101,2,"gene_sharing, integration_middle","6,66667"
Bjer_2_3,Bjer_tig00005251-10-2877190_lc,Pimascovirales,Marseillevirus LCMAC102,3,"gene_sharing, integration_boundary, integration_middle","22,6415"
Bjer_2_3,Bjer_tig00007454-10-2210560_lc,Pimascovirales,Marseillevirus LCMAC102,2,"gene_sharing, integration_middle","23,5294"
Bjer_2_3,Mari_tig00004036-10-3626190_lc,Pimascovirales,Marseillevirus LCMAC102,3,"gene_sharing, integration_boundary, integration_middle","19,2982"
Damh_1_2,Bjer_tig00003152-10-4648240_lc,Asfuvirales,Pacmanvirus A23,2,"gene_sharing, integration_middle","5,71429"
Mari_1_3,Bjer_tig00005251-10-2877190_lc,Pimascovirales,Marseillevirus LCMAC102,3,"gene_sharing, integration_boundary, integration_middle","22,6415"
Mari_1_3,Bjer_tig00007454-10-2210560_lc,Pimascovirales,Marseillevirus LCMAC102,2,"gene_sharing, integration_middle","23,5294"
Damh_1_2,Damh_tig00001620-10-2012370_lc,Asfuvirales,Pacmanvirus A23,2,"gene_sharing, integration_middle","13,3333"
Damh_1_2,Damh_tig00003367-10-1511030_lc,Asfuvirales,Marseillevirus LCMAC101,2,"gene_sharing, integration_middle","6,66667"
EsbW_1,EsbW_tig00004004-10-4987800_lc,Pimascovirales,bacterium,3,"gene_sharing, integration_boundary, integration_middle",5
Fred_1_A,Fred_tig00009743-10-1099150_lc,Pandoravirales,Bacteroidales bacterium,2,"gene_sharing, integration_middle","14,2857"
Fred_1_A,Fred_tig00352724-10-1651420_lc,Pandoravirales,Paraphysoderma sedebokerense,3,"gene_sharing, integration_boundary, integration_middle",10
Fred_1_A,Fred_tig00352725-10-1069880_lc,Pandoravirales,Candidatus Binatia bacterium,2,"gene_sharing, integration_middle","12,5"
Fred_1_B,Fred_tig00009743-10-1099150_lc,Pandoravirales,Bacteroidales bacterium,2,"gene_sharing, integration_middle","14,2857"
Fred_1_B,Fred_tig00352724-10-1651420_lc,Pandoravirales,Paraphysoderma sedebokerense,3,"gene_sharing, integration_boundary, integration_middle",10
Fred_1_B,Fred_tig00352725-10-1069880_lc,Pandoravirales,Candidatus Binatia bacterium,2,"gene_sharing, integration_middle","12,5"
Hjor_2_3_4_6,Hjor_tig00003964-10-2978680_lc,Imitervirales,Indivirus ILV1,2,"gene_sharing, integration_middle","7,57576"
Hjor_2_3_4_6,Hjor_tig00005182-10-1360720_lc,Imitervirales,bacterium,2,"gene_sharing, integration_middle","14,8148"
Hjor_2_3_4_6,Hjor_tig00006159-10-1434770_lc,Imitervirales,Terrestrivirus sp.,2,"gene_sharing, integration_middle","7,40741"
Hjor_2_3_4_6,OdNE_tig00000187-10-14157450_lc,Imitervirales,Cotonvirus japonicus,2,"gene_sharing, integration_middle","6,89655"
Hjor_5_8_9,Hjor_tig00008388-10-1084230_lc,Pimascovirales,Saprospiraceae bacterium,3,"gene_sharing, integration_boundary, integration_middle",20
Mari_1_3,Mari_tig00004036-10-3626190_lc,Pimascovirales,Marseillevirus LCMAC102,2,"gene_sharing, integration_middle","19,2982"
Mari_2_5,Mari_tig00008538-10-1788250_lc,Asfuvirales,Brachionus plicatilis,2,"gene_sharing, integration_middle","9,09091"
OdNE_1,Viby_tig00003089-10-1591420_lc,Imitervirales,Satyrvirus sp.,2,"gene_sharing, integration_middle","12,5"
OdNE_1,Viby_tig00003941-10-1214300_lc,Imitervirales,Cotonvirus japonicus,2,"gene_sharing, integration_middle","17,6471"
OdNW_2_10_11,OdNW_tig00005864-10-1477180_lc,Pimascovirales,Solivirus sp.,2,"gene_sharing, integration_middle",40
OdNW_3_4,OdNW_tig00006802-10-1794120_lc,Pandoravirales,Edaphobacter lichenicola,2,"gene_sharing, integration_middle","7,69231"
OdNW_3_4,OdNW_tig00007828-10-1024470_lc,Pandoravirales,Hyperionvirus sp.,2,"gene_sharing, integration_middle",25
OdNW_8,OdNW_tig00006802-10-1794120_lc,Pandoravirales,Edaphobacter lichenicola,2,"gene_sharing, integration_middle","7,69231"
OdNW_8,OdNW_tig00007828-10-1024470_lc,Pandoravirales,Hyperionvirus sp.,2,"gene_sharing, integration_middle",25
Rand_1_2,Rand_tig00000600-10-6272120_lc,Imitervirales,Flavobacteriales bacterium,2,"gene_sharing, integration_middle","3,9604"
Vibo_2_3_4,Vibo_tig00003214-10-1505520_lc,Asfuvirales,Anaeramoeba ignava,3,"gene_sharing, integration_boundary, integration_middle","14,2857"
Viby_1_2_3_4,Viby_tig00003089-10-1591420_lc,Imitervirales,Satyrvirus sp.,2,"gene_sharing, integration_middle","12,5"
Hjor_1,AalE_tig00263858-10-13527630_lc,Pimascovirales,Candidatus Phosphoribacter hodrii,2,"integration_boundary, integration_middle","80,6608"
Hjor_1,AalW_tig00404709-10-6402920_lc,Pimascovirales,Candidatus Phosphoribacter hodrii,2,"integration_boundary, integration_middle","65,9758"
Hjor_1,Aved_tig00374556-10-1707800_lc,Pimascovirales,Candidatus Phosphoribacter hodrii,2,"integration_boundary, integration_middle","67,1141"
Hjor_1,Ega_tig00000626-10-9714340_lc,Pimascovirales,Candidatus Phosphoribacter hodrii,2,"integration_boundary, integration_middle","84,4626"
Hjor_1,Ejby_tig00214222-10-17568240_lc,Pimascovirales,Candidatus Phosphoribacter hodrii,2,"integration_boundary, integration_middle","58,1191"
Hjor_1,Hirt_tig00316382-10-13345710_lc,Pimascovirales,Candidatus Phosphoribacter hodrii,2,"integration_boundary, integration_middle","53,5199"
Hjor_1,Skiv_tig00002628-10-6917190_lc,Pimascovirales,Candidatus Phosphoribacter hodrii,2,"integration_boundary, integration_middle","60,134"
Damh_3,EsbW_tig00001290-10-13083280_lc,Asfuvirales,Ignavibacteria bacterium,2,"integration_middle, occurance_ill_positive","99,4805"
Damh_3,Hjor_tig00119789-10-6856970_lc,Asfuvirales,Ignavibacteria bacterium,2,"integration_middle, occurance_ill_positive","97,4958"
Damh_3,Mari_tig00000326-10-7574630_lc,Asfuvirales,Ignavibacteria bacterium,2,"integration_middle, occurance_ill_positive","99,6805"
Damh_3,OdNE_tig00228292-10-3696290_lc,Asfuvirales,Ignavibacteria bacterium,2,"integration_middle, occurance_ill_positive","98,3974"
Damh_3,Ribe_tig00000935-10-10939420_lc,Asfuvirales,Ignavibacteria bacterium,2,"integration_middle, occurance_ill_positive","95,7701"
Damh_3,Skiv_tig00007006-10-1711750_lc,Asfuvirales,Ignavibacteria bacterium,2,"integration_middle, occurance_ill_positive","99,3464"
OdNW_1_7,AalE_tig00002115-10-1410850_lc,Pimascovirales,Betaproteobacteria bacterium,2,"integration_middle, occurance_ont_positive","88,5496"
OdNW_1_7,AalE_tig00264105-10-5468340_lc,Pimascovirales,Betaproteobacteria bacterium,2,"integration_middle, occurance_ont_positive","89,8855"
OdNW_1_7,AalW_tig00004871-10-5564150_lc,Pimascovirales,Sphingobacteriales bacterium,2,"integration_middle, occurance_ont_positive","92,6991"
OdNW_1_7,AalW_tig00007382-70-3972660_lc,Pimascovirales,Planctomycetota bacterium,2,"integration_middle, occurance_ont_positive","83,432"
OdNW_1_7,AalW_tig00011537-10-2719710_lc,Pimascovirales,Acidobacteriota bacterium,2,"integration_middle, occurance_ont_positive","71,9298"
OdNW_1_7,AalW_tig00024873-10-1091210_lc,Pimascovirales,Chitinophagales bacterium,2,"integration_middle, occurance_ont_positive","96,0784"
OdNW_1_7,AalW_tig00403943-10-5788890_lc,Pimascovirales,Betaproteobacteria bacterium,2,"integration_middle, occurance_ont_positive","61,4679"
OdNW_1_7,AalW_tig00403997-10-1062620_lc,Pimascovirales,Betaproteobacteria bacterium,2,"integration_middle, occurance_ont_positive","79,4393"
OdNW_1_7,AalW_tig00404054-10-3005060_lc,Pimascovirales,Saprospiraceae bacterium,2,"integration_middle, occurance_ont_positive",98
OdNW_1_7,AalW_tig00404062-10-3004810_lc,Pimascovirales,Saprospiraceae bacterium,2,"integration_middle, occurance_ont_positive","98,4436"
OdNW_1_7,AalW_tig00404064-10-3938890_lc,Pimascovirales,Saprospiraceae bacterium,2,"integration_middle, occurance_ont_positive","97,8659"
OdNW_1_7,AalW_tig00404124-10-25052390_lc,Pimascovirales,Nitrosomonas sp.,2,"integration_middle, occurance_ont_positive","97,1121"
OdNW_1_7,AalW_tig00407106-10-1916540_lc,Pimascovirales,Acidobacteriota bacterium,2,"integration_middle, occurance_ont_positive","80,8743"
OdNW_1_7,AalW_tig01688298-10-4858740_lc,Pimascovirales,Saprospiraceae bacterium,2,"integration_middle, occurance_ont_positive","93,6842"
OdNW_1_7,AalW_tig01689254-10-1307710_lc,Pimascovirales,Polyangiaceae bacterium,2,"integration_middle, occurance_ont_positive",100
OdNW_1_7,Aved_tig00000023-10-69002250_lc,Pimascovirales,Deltaproteobacteria bacterium,2,"integration_middle, occurance_ont_positive","98,6876"
OdNW_1_7,Aved_tig00001379-10-7111440_lc,Pimascovirales,Saprospiraceae bacterium,2,"integration_middle, occurance_ont_positive","94,7368"
OdNW_1_7,Aved_tig00001818-10-11279730_lc,Pimascovirales,Planctomycetota bacterium,2,"integration_middle, occurance_ont_positive","80,5815"
OdNW_1_7,Aved_tig00005700-10-6493760_lc,Pimascovirales,Polyangiaceae bacterium,2,"integration_middle, occurance_ont_positive","99,8124"
OdNW_1_7,Aved_tig00007333-10-4892930_lc,Pimascovirales,Acidobacteriota bacterium,2,"integration_middle, occurance_ont_positive","78,8235"
OdNW_1_7,Aved_tig00008439-10-4304890_lc,Pimascovirales,Sandaracinaceae bacterium,2,"integration_middle, occurance_ont_positive","99,2147"
OdNW_1_7,Aved_tig00018403-10-1825410_lc,Pimascovirales,Moraxellaceae bacterium,2,"integration_middle, occurance_ont_positive","52,6042"
OdNW_1_7,Aved_tig00019217-10-1715390_lc,Pimascovirales,Bacteroidota bacterium,2,"integration_middle, occurance_ont_positive","78,9809"
OdNW_1_7,Aved_tig00025404-10-1098390_lc,Pimascovirales,Burkholderiaceae bacterium,2,"integration_middle, occurance_ont_positive","52,5773"
OdNW_1_7,Aved_tig00373141-10-41657220_lc,Pimascovirales,Sphingobacteriales bacterium,2,"integration_middle, occurance_ont_positive","93,8976"
OdNW_1_7,Aved_tig00373161-10-34443090_lc,Pimascovirales,Saprospiraceae bacterium,2,"integration_middle, occurance_ont_positive","96,9607"
OdNW_1_7,Aved_tig00373228-10-2667940_lc,Pimascovirales,Betaproteobacteria bacterium,2,"integration_middle, occurance_ont_positive","93,9271"
OdNW_1_7,Aved_tig00373616-10-1813440_lc,Pimascovirales,Betaproteobacteria bacterium,2,"integration_middle, occurance_ont_positive","93,3735"
OdNW_1_7,Bjer_tig00000746-10-11148880_lc,Pimascovirales,Leptospiraceae bacterium,2,"integration_middle, occurance_ont_positive","99,7151"
OdNW_1_7,Bjer_tig00004728-10-3507000_lc,Pimascovirales,Saprospiraceae bacterium,2,"integration_middle, occurance_ont_positive","93,7685"
OdNW_1_7,Bjer_tig00011007-10-1529260_lc,Pimascovirales,Bacteroidota bacterium,2,"integration_middle, occurance_ont_positive","73,4694"
OdNW_1_7,Bjer_tig00199837-10-13729410_lc,Pimascovirales,Betaproteobacteria bacterium,2,"integration_middle, occurance_ont_positive","87,9405"
OdNW_1_7,Bjer_tig00199931-10-2857410_lc,Pimascovirales,Betaproteobacteria bacterium,2,"integration_middle, occurance_ont_positive","90,5263"
OdNW_1_7,Damh_tig00000872-10-7006710_lc,Pimascovirales,Saprospiraceae bacterium,2,"integration_middle, occurance_ont_positive","99,1722"
OdNW_1_7,Damh_tig00001003-10-1086070_lc,Pimascovirales,Betaproteobacteria bacterium,2,"integration_middle, occurance_ont_positive","89,6552"
OdNW_1_7,Damh_tig00001954-10-4255120_lc,Pimascovirales,Sandaracinaceae bacterium,2,"integration_middle, occurance_ont_positive","99,4709"
OdNW_1_7,Damh_tig00003689-10-2851850_lc,Pimascovirales,Chitinophagales bacterium,2,"integration_middle, occurance_ont_positive","90,5455"
OdNW_1_7,Damh_tig00005226-10-2368670_lc,Pimascovirales,Saprospiraceae bacterium,2,"integration_middle, occurance_ont_positive","98,2353"
OdNW_1_7,Damh_tig00201748-10-5393280_lc,Pimascovirales,Betaproteobacteria bacterium,2,"integration_middle, occurance_ont_positive","87,9771"
OdNW_1_7,Damh_tig00202197-10-1363370_lc,Pimascovirales,Rhodocyclales bacterium,2,"integration_middle, occurance_ont_positive",36
OdNW_1_7,Ega_tig00000072-10-8981080_lc,Pimascovirales,Betaproteobacteria bacterium,2,"integration_middle, occurance_ont_positive","93,0126"
OdNW_1_7,Ega_tig00001075-10-3051240_lc,Pimascovirales,Betaproteobacteria bacterium,2,"integration_middle, occurance_ont_positive","92,6056"
OdNW_1_7,Ega_tig00003168-10-2180760_lc,Pimascovirales,Chitinophagaceae bacterium,2,"integration_middle, occurance_ont_positive","99,1031"
OdNW_1_7,Ega_tig00004857-10-1725150_lc,Pimascovirales,Chitinophagales bacterium,2,"integration_middle, occurance_ont_positive","86,4198"
OdNW_1_7,Ega_tig00192047-10-7251990_lc,Pimascovirales,Betaproteobacteria bacterium,2,"integration_middle, occurance_ont_positive","92,6301"
OdNW_1_7,Ega_tig00192175-10-5136130_lc,Pimascovirales,Rhodocyclaceae bacterium,2,"integration_middle, occurance_ont_positive","42,3221"
OdNW_1_7,Ejby_tig00000092-10-12928430_lc,Pimascovirales,Saprospiraceae bacterium,2,"integration_middle, occurance_ont_positive","98,5687"
OdNW_1_7,Ejby_tig00000173-10-14447220_lc,Pimascovirales,Sphingobacteriales bacterium,2,"integration_middle, occurance_ont_positive","93,9736"
OdNW_1_7,Ejby_tig00000569-10-8538360_lc,Pimascovirales,Saprospiraceae bacterium,2,"integration_middle, occurance_ont_positive","98,5342"
OdNW_1_7,Ejby_tig00000698-10-6924760_lc,Pimascovirales,Chitinophagaceae bacterium,2,"integration_middle, occurance_ont_positive","97,4441"
OdNW_1_7,Ejby_tig00000784-10-5654460_lc,Pimascovirales,Anaerolineales bacterium,2,"integration_middle, occurance_ont_positive","98,2726"
OdNW_1_7,Ejby_tig00002540-10-3492070_lc,Pimascovirales,Crocinitomicaceae bacterium,2,"integration_middle, occurance_ont_positive","93,3993"
OdNW_1_7,Ejby_tig00003359-10-2549640_lc,Pimascovirales,Chitinophagales bacterium,2,"integration_middle, occurance_ont_positive","89,2989"
OdNW_1_7,Ejby_tig00007454-10-1270000_lc,Pimascovirales,Sandaracinaceae bacterium,2,"integration_middle, occurance_ont_positive","99,0741"
OdNW_1_7,Ejby_tig00214205-10-12110690_lc,Pimascovirales,Betaproteobacteria bacterium,2,"integration_middle, occurance_ont_positive","93,1699"
OdNW_1_7,Ejby_tig00214212-10-3015860_lc,Pimascovirales,Betaproteobacteria bacterium,2,"integration_middle, occurance_ont_positive","92,7798"
OdNW_1_7,EsbE_tig00174980-10-3125290_lc,Pimascovirales,Betaproteobacteria bacterium,2,"integration_middle, occurance_ont_positive","88,1188"
OdNW_1_7,EsbW_tig00015230-10-1289500_lc,Pimascovirales,Betaproteobacteria bacterium,2,"integration_middle, occurance_ont_positive","89,9225"
OdNW_1_7,Fred_tig00001925-10-5233780_lc,Pimascovirales,Acidobacteriota bacterium,2,"integration_middle, occurance_ont_positive","77,6824"
OdNW_1_7,Fred_tig00002783-10-10406710_lc,Pimascovirales,Chitinophagaceae bacterium,2,"integration_middle, occurance_ont_positive","97,9497"
OdNW_1_7,Fred_tig00351105-10-5053980_lc,Pimascovirales,Betaproteobacteria bacterium,2,"integration_middle, occurance_ont_positive","94,6939"
OdNW_1_7,Fred_tig00351107-10-5439050_lc,Pimascovirales,Betaproteobacteria bacterium,2,"integration_middle, occurance_ont_positive","91,9075"
OdNW_1_7,Fred_tig00351111-10-4239360_lc,Pimascovirales,Betaproteobacteria bacterium,2,"integration_middle, occurance_ont_positive","93,6275"
OdNW_1_7,Fred_tig01546531-10-42007240_lc,Pimascovirales,Saprospiraceae bacterium,2,"integration_middle, occurance_ont_positive","98,4322"
OdNW_1_7,Hade_tig00001006-10-9619970_lc,Pimascovirales,Saprospiraceae bacterium,2,"integration_middle, occurance_ont_positive","86,3813"
OdNW_1_7,Hade_tig00006151-10-2457780_lc,Pimascovirales,Leptospiraceae bacterium,2,"integration_middle, occurance_ont_positive","99,177"
OdNW_1_7,Hade_tig00406404-10-5853790_lc,Pimascovirales,Sandaracinaceae bacterium,2,"integration_middle, occurance_ont_positive","99,2606"
OdNW_1_7,Hirt_tig00000033-10-3780400_lc,Pimascovirales,Saprospiraceae bacterium,2,"integration_middle, occurance_ont_positive","97,4194"
OdNW_1_7,Hirt_tig00000338-10-7941060_lc,Pimascovirales,Acidobacteriota bacterium,2,"integration_middle, occurance_ont_positive","93,9914"
OdNW_1_7,Hirt_tig00316241-10-9429080_lc,Pimascovirales,Saprospiraceae bacterium,2,"integration_middle, occurance_ont_positive","77,6596"
OdNW_1_7,Hirt_tig00316307-10-6813670_lc,Pimascovirales,Saprospiraceae bacterium,2,"integration_middle, occurance_ont_positive","98,3193"
OdNW_1_7,Lyne_tig00001227-10-12429350_lc,Pimascovirales,Betaproteobacteria bacterium,2,"integration_middle, occurance_ont_positive","88,9083"
OdNW_1_7,Lyne_tig00004442-10-5947510_lc,Pimascovirales,Deltaproteobacteria bacterium,2,"integration_middle, occurance_ont_positive","99,5868"
OdNW_1_7,Lyne_tig00005293-10-4931360_lc,Pimascovirales,Planctomycetota bacterium,2,"integration_middle, occurance_ont_positive","84,2825"
OdNW_1_7,Lyne_tig00005710-10-4287590_lc,Pimascovirales,Sandaracinaceae bacterium,2,"integration_middle, occurance_ont_positive","97,0667"
OdNW_1_7,Lyne_tig00006518-10-5221030_lc,Pimascovirales,Polyangiaceae bacterium,2,"integration_middle, occurance_ont_positive","99,2958"
OdNW_1_7,Lyne_tig00006881-10-3099520_lc,Pimascovirales,Deltaproteobacteria bacterium,2,"integration_middle, occurance_ont_positive","96,9466"
OdNW_1_7,Lyne_tig00007896-10-3777320_lc,Pimascovirales,Sphingobacteriales bacterium,2,"integration_middle, occurance_ont_positive","90,9091"
OdNW_1_7,Lyne_tig00008385-10-2266590_lc,Pimascovirales,Saprospiraceae bacterium,2,"integration_middle, occurance_ont_positive","99,0826"
OdNW_1_7,Lyne_tig00014398-10-2084030_lc,Pimascovirales,Crocinitomicaceae bacterium,2,"integration_middle, occurance_ont_positive","94,5055"
OdNW_1_7,Lyne_tig00018100-10-1530500_lc,Pimascovirales,Saprospiraceae bacterium,2,"integration_middle, occurance_ont_positive","81,3793"
OdNW_1_7,Lyne_tig00320253-10-17057870_lc,Pimascovirales,Saprospiraceae bacterium,2,"integration_middle, occurance_ont_positive","96,5831"
OdNW_1_7,Lyne_tig00320305-10-21119340_lc,Pimascovirales,Bacteroidia bacterium,2,"integration_middle, occurance_ont_positive","83,9306"
OdNW_1_7,Lyne_tig00322537-10-1629580_lc,Pimascovirales,Chitinophagales bacterium,2,"integration_middle, occurance_ont_positive","85,3503"
OdNW_1_7,Lyne_tig01431539-10-1311030_lc,Pimascovirales,Saprospiraceae bacterium,2,"integration_middle, occurance_ont_positive","86,2745"
OdNW_1_7,Mari_tig00218461-10-6362770_lc,Pimascovirales,Betaproteobacteria bacterium,2,"integration_middle, occurance_ont_positive","93,4122"
OdNW_1_7,Mari_tig00869343-10-1218290_lc,Pimascovirales,Betaproteobacteria bacterium,2,"integration_middle, occurance_ont_positive","93,1624"
OdNW_1_7,OdNE_tig00006380-10-2092060_lc,Pimascovirales,Ferruginibacter sp.,2,"integration_middle, occurance_ont_negative","80,4348"
OdNW_1_7,OdNE_tig00007342-10-1650860_lc,Pimascovirales,Chitinophagales bacterium,2,"integration_middle, occurance_ont_positive","86,6242"
OdNW_1_7,OdNE_tig00007576-10-1224570_lc,Pimascovirales,Deltaproteobacteria bacterium,2,"integration_middle, occurance_ont_positive","85,2941"
OdNW_1_7,OdNE_tig00228001-10-10581590_lc,Pimascovirales,Leptospiraceae bacterium,2,"integration_middle, occurance_ont_positive","99,2986"
OdNW_1_7,OdNW_tig00000034-10-22701560_lc,Pimascovirales,Saprospiraceae bacterium,2,"integration_middle, occurance_ont_positive","98,0594"
OdNW_1_7,OdNW_tig00000149-10-12070300_lc,Pimascovirales,Betaproteobacteria bacterium,2,"integration_middle, occurance_ont_positive","88,9279"
OdNW_1_7,OdNW_tig00000426-10-8681850_lc,Pimascovirales,Leptospiraceae bacterium,2,"integration_middle, occurance_ont_positive","99,7449"
OdNW_1_7,OdNW_tig00000594-10-1663080_lc,Pimascovirales,Betaproteobacteria bacterium,2,"integration_middle, occurance_ont_positive","70,4698"
OdNW_1_7,OdNW_tig00001108-10-6393040_lc,Pimascovirales,Saprospiraceae bacterium,2,"integration_middle, occurance_ont_positive","81,6399"
OdNW_1_7,OdNW_tig00002253-10-4726600_lc,Pimascovirales,Saprospiraceae bacterium,2,"integration_middle, occurance_ont_positive","99,2424"
OdNW_1_7,OdNW_tig00002840-10-3484940_lc,Pimascovirales,Acidobacteriota bacterium,2,"integration_middle, occurance_ont_positive","95,3988"
OdNW_1_7,OdNW_tig00004173-10-2624180_lc,Pimascovirales,Chitinophagales bacterium,2,"integration_middle, occurance_ont_positive","80,2752"
OdNW_1_7,OdNW_tig00004445-10-1039170_lc,Pimascovirales,Bdellovibrionales bacterium,2,"integration_middle, occurance_ont_positive",30
OdNW_1_7,OdNW_tig00004527-10-2355940_lc,Pimascovirales,Sandaracinaceae bacterium,2,"integration_middle, occurance_ont_positive","97,1154"
OdNW_1_7,OdNW_tig00009470-10-1152630_lc,Pimascovirales,Planctomycetota bacterium,2,"integration_middle, occurance_ont_positive","81,6"
OdNW_1_7,OdNW_tig00010341-10-1154830_lc,Pimascovirales,Burkholderiaceae bacterium,2,"integration_middle, occurance_ont_positive","56,1224"
OdNW_1_7,OdNW_tig00010875-10-1652030_lc,Pimascovirales,Acidobacteriota bacterium,2,"integration_middle, occurance_ont_positive","79,6296"
OdNW_1_7,OdNW_tig00219797-10-3158050_lc,Pimascovirales,Saprospiraceae bacterium,2,"integration_middle, occurance_ont_positive","98,7069"
OdNW_1_7,OdNW_tig00219891-10-1626370_lc,Pimascovirales,Deltaproteobacteria bacterium,2,"integration_middle, occurance_ont_positive","94,8905"
OdNW_1_7,Rand_tig00000102-10-16645370_lc,Pimascovirales,Saprospiraceae bacterium,2,"integration_middle, occurance_ont_positive","99,1622"
OdNW_1_7,Rand_tig00000513-10-5903810_lc,Pimascovirales,Betaproteobacteria bacterium,2,"integration_middle, occurance_ont_positive","93,3333"
OdNW_1_7,Rand_tig00000538-10-6483260_lc,Pimascovirales,Anaerolineales bacterium,2,"integration_middle, occurance_ont_positive","98,3389"
OdNW_1_7,Rand_tig00001242-10-4739580_lc,Pimascovirales,Chitinophagaceae bacterium,2,"integration_middle, occurance_ont_positive","95,814"
OdNW_1_7,Rand_tig00004764-10-1240600_lc,Pimascovirales,Betaproteobacteria bacterium,2,"integration_middle, occurance_ont_positive","90,7692"
OdNW_1_7,Rand_tig00004816-10-1322510_lc,Pimascovirales,Planctomycetota bacterium,2,"integration_middle, occurance_ont_positive","83,6207"
OdNW_1_7,Ribe_tig01079083-10-1449580_lc,Pimascovirales,Leptospiraceae bacterium,2,"integration_middle, occurance_ont_positive","99,2958"
OdNW_1_7,Skiv_tig00005046-10-3329050_lc,Pimascovirales,Bacteroidota bacterium,2,"integration_middle, occurance_ont_positive","61,4407"
OdNW_1_7,Viby_tig00000100-10-11595700_lc,Pimascovirales,Betaproteobacteria bacterium,2,"integration_middle, occurance_ont_positive","88,6647"
OdNW_1_7,Viby_tig00000246-10-7604480_lc,Pimascovirales,Sphingobacteriales bacterium,2,"integration_middle, occurance_ont_positive","93,7163"
OdNW_1_7,Viby_tig00002735-10-1784790_lc,Pimascovirales,Chitinophagales bacterium,2,"integration_middle, occurance_ont_positive","88,5714"
OdNW_1_7,Viby_tig00003166-10-1550750_lc,Pimascovirales,Sandaracinaceae bacterium,2,"integration_middle, occurance_ont_positive","95,6522"
OdNW_1_7,Viby_tig00591494-10-3215630_lc,Pimascovirales,Betaproteobacteria bacterium,2,"integration_middle, occurance_ont_positive","91,3043"
Bjer_7,Aved_tig00006163-10-5048400_lc,Asfuvirales,Myxococcales bacterium,2,"occurance_ill_positive, occurance_ont_positive","94,2211"
Damh_4,Aved_tig00006163-10-5048400_lc,Asfuvirales,Myxococcales bacterium,2,"occurance_ill_positive, occurance_ont_positive","94,2211"
Bjer_7,Aved_tig00006749-10-4333460_lc,Asfuvirales,Myxococcales bacterium,2,"occurance_ill_positive, occurance_ont_positive","91,092"
Damh_4,Aved_tig00374652-10-1206300_lc,Asfuvirales,Candidatus Opimibacter skivensis,2,"occurance_ill_positive, occurance_ont_positive","68,1818"
Bjer_7,Bjer_tig00001885-10-5241440_lc,Asfuvirales,Myxococcales bacterium,2,"occurance_ill_positive, occurance_ont_positive","96,401"
Bjer_7,Bjer_tig00002923-10-1466010_lc,Asfuvirales,Myxococcales bacterium,2,"occurance_ill_positive, occurance_ont_positive","96,2963"
Bjer_7,Bjer_tig00200136-10-1759210_lc,Asfuvirales,Leptospiraceae bacterium,2,"occurance_ill_positive, occurance_ont_positive",100
Bjer_7,Bjer_tig00200188-10-3632390_lc,Asfuvirales,Saprospiraceae bacterium,2,"occurance_ill_positive, occurance_ont_positive","64,0138"
Bjer_7,Damh_tig00000580-10-6840250_lc,Asfuvirales,Myxococcales bacterium,2,"occurance_ill_positive, occurance_ont_positive","98,0251"
Bjer_7,Damh_tig00001072-10-3894900_lc,Asfuvirales,Myxococcales bacterium,2,"occurance_ill_positive, occurance_ont_positive","97,0588"
Bjer_7,Damh_tig00001225-10-3980460_lc,Asfuvirales,Myxococcales bacterium,2,"occurance_ill_positive, occurance_ont_positive","97,9769"
Bjer_7,Damh_tig00001369-10-3297660_lc,Asfuvirales,Myxococcales bacterium,2,"occurance_ill_positive, occurance_ont_positive","97,4638"
Bjer_7,Damh_tig00001452-10-3594700_lc,Asfuvirales,Myxococcales bacterium,2,"occurance_ill_positive, occurance_ont_positive","95,8904"
Bjer_7,Ega_tig00000334-10-13309850_lc,Asfuvirales,Saprospiraceae bacterium,2,"occurance_ill_positive, occurance_ont_positive","65,5413"
Bjer_7,Ega_tig00001091-10-3284670_lc,Asfuvirales,Myxococcales bacterium,2,"occurance_ill_positive, occurance_ont_positive","93,1271"
Bjer_7,Ega_tig00192222-10-6101120_lc,Asfuvirales,Ignavibacteria bacterium,2,"occurance_ill_positive, occurance_ont_positive","82,5243"
Bjer_7,Ega_tig00741983-10-3472910_lc,Asfuvirales,Myxococcales bacterium,2,"occurance_ill_positive, occurance_ont_positive","91,1661"
Bjer_7,Ejby_tig00003673-10-1642150_lc,Asfuvirales,Myxococcales bacterium,2,"occurance_ill_positive, occurance_ont_positive","94,964"
Bjer_7,Ejby_tig00008241-10-1079620_lc,Asfuvirales,Myxococcales bacterium,2,"occurance_ill_positive, occurance_ont_positive","96,9072"
Bjer_7,Ejby_tig00214270-10-6116860_lc,Asfuvirales,Saprospiraceae bacterium,2,"occurance_ill_positive, occurance_ont_positive","55,9889"
Bjer_7,Mari_tig00004533-10-2340720_lc,Asfuvirales,Myxococcales bacterium,2,"occurance_ill_positive, occurance_ont_positive","91,954"
Bjer_7,Mari_tig00005268-10-2230520_lc,Asfuvirales,Myxococcales bacterium,2,"occurance_ill_positive, occurance_ont_positive","94,6746"
Bjer_7,Mari_tig00008829-10-1435440_lc,Asfuvirales,Myxococcales bacterium,2,"occurance_ill_positive, occurance_ont_positive","97,6923"
Bjer_7,OdNE_tig00009064-10-1444850_lc,Asfuvirales,Myxococcales bacterium,2,"occurance_ill_positive, occurance_ont_positive","92,9134"
Bjer_7,OdNE_tig00228244-10-2970220_lc,Asfuvirales,Candidatus Opimibacter skivensis,2,"occurance_ill_positive, occurance_ont_positive","73,2759"
Bjer_7,OdNW_tig00002828-10-1521020_lc,Asfuvirales,Myxococcales bacterium,2,"occurance_ill_positive, occurance_ont_positive","93,5484"
Bjer_7,OdNW_tig00219726-10-2566040_lc,Asfuvirales,Saprospiraceae bacterium,2,"occurance_ill_positive, occurance_ont_positive","62,234"
Bjer_7,OdNW_tig00901720-10-3745610_lc,Asfuvirales,Saprospiraceae bacterium,2,"occurance_ill_positive, occurance_ont_positive","51,7799"
Bjer_7,Viby_tig00000404-10-1040310_lc,Asfuvirales,Holophagales bacterium,2,"occurance_ill_positive, occurance_ont_positive",100
Bjer_7,Viby_tig00001138-10-4042670_lc,Asfuvirales,Saprospiraceae bacterium,2,"occurance_ill_positive, occurance_ont_positive","70,6745"
Damh_4,Bjer_tig00000398-10-1627240_lc,Asfuvirales,Ignavibacteria bacterium,2,"occurance_ill_positive, occurance_ont_positive","90,0826"
Damh_4,Bjer_tig00000618-10-1525420_lc,Asfuvirales,Ignavibacteria bacterium,2,"occurance_ill_positive, occurance_ont_positive","84,4262"
Damh_4,Bjer_tig00001885-10-5241440_lc,Asfuvirales,Myxococcales bacterium,2,"occurance_ill_positive, occurance_ont_positive","96,401"
Damh_4,Bjer_tig00002725-10-2386550_lc,Asfuvirales,Leptospiraceae bacterium,2,"occurance_ill_positive, occurance_ont_positive",100
Damh_4,Bjer_tig00002923-10-1466010_lc,Asfuvirales,Myxococcales bacterium,2,"occurance_ill_positive, occurance_ont_positive","96,2963"
Damh_4,Bjer_tig00199787-10-29989530_lc,Asfuvirales,Candidatus Vicinibacter affinis,2,"occurance_ill_positive, occurance_ont_positive","92,769"
Damh_4,Bjer_tig00199864-10-4731570_lc,Asfuvirales,Ignavibacteria bacterium,2,"occurance_ill_positive, occurance_ont_positive","97,0238"
Damh_4,Bjer_tig00200136-10-1759210_lc,Asfuvirales,Leptospiraceae bacterium,2,"occurance_ill_positive, occurance_ont_positive",100
Damh_3,Bjer_tig00200188-10-3632390_lc,Asfuvirales,Saprospiraceae bacterium,2,"occurance_ill_positive, occurance_ont_positive","64,0138"
Damh_3,Damh_tig00000580-10-6840250_lc,Asfuvirales,Myxococcales bacterium,2,"occurance_ill_positive, occurance_ont_positive","98,0251"
Damh_3,Damh_tig00001072-10-3894900_lc,Asfuvirales,Myxococcales bacterium,2,"occurance_ill_positive, occurance_ont_positive","97,0588"
Damh_3,Damh_tig00001225-10-3980460_lc,Asfuvirales,Myxococcales bacterium,2,"occurance_ill_positive, occurance_ont_positive","97,9769"
Damh_3,Damh_tig00001369-10-3297660_lc,Asfuvirales,Myxococcales bacterium,2,"occurance_ill_positive, occurance_ont_positive","97,4638"
Damh_3,Damh_tig00001452-10-3594700_lc,Asfuvirales,Myxococcales bacterium,2,"occurance_ill_positive, occurance_ont_positive","95,8904"
Damh_3,Damh_tig00002144-10-3814740_lc,Asfuvirales,Holophagales bacterium,2,"occurance_ill_positive, occurance_ont_positive","97,9381"
Damh_3,Ega_tig00001091-10-3284670_lc,Asfuvirales,Myxococcales bacterium,2,"occurance_ill_positive, occurance_ont_positive","93,1271"
Damh_3,Ega_tig00004525-10-1501770_lc,Asfuvirales,Holophagales bacterium,2,"occurance_ill_positive, occurance_ont_positive","96,8504"
Damh_3,Ega_tig00741983-10-3472910_lc,Asfuvirales,Myxococcales bacterium,2,"occurance_ill_positive, occurance_ont_positive","91,1661"
Damh_3,Ejby_tig00000759-10-4409360_lc,Asfuvirales,Leptospiraceae bacterium,2,"occurance_ill_positive, occurance_ont_positive","97,6303"
Damh_3,Ejby_tig00003673-10-1642150_lc,Asfuvirales,Myxococcales bacterium,2,"occurance_ill_positive, occurance_ont_positive","94,964"
Damh_3,Ejby_tig00008241-10-1079620_lc,Asfuvirales,Myxococcales bacterium,2,"occurance_ill_positive, occurance_ont_positive","96,9072"
Damh_3,EsbE_tig00000414-10-13949500_lc,Asfuvirales,Candidatus Vicinibacter affinis,2,"occurance_ill_positive, occurance_ont_positive","95,8904"
Damh_3,OdNE_tig00001893-10-6139520_lc,Asfuvirales,Holophagales bacterium,2,"occurance_ill_positive, occurance_ont_positive","97,0464"
Damh_3,OdNE_tig00002174-10-4898110_lc,Asfuvirales,Holophagales bacterium,2,"occurance_ill_positive, occurance_ont_positive","97,7612"
Damh_3,OdNE_tig00228620-10-2506230_lc,Asfuvirales,Holophagales bacterium,2,"occurance_ill_positive, occurance_ont_positive","94,2584"
Damh_3,Viby_tig00000404-10-1040310_lc,Asfuvirales,Holophagales bacterium,2,"occurance_ill_positive, occurance_ont_positive",100
Damh_4,Damh_tig00000580-10-6840250_lc,Asfuvirales,Myxococcales bacterium,2,"occurance_ill_positive, occurance_ont_positive","98,0251"
Damh_4,Damh_tig00001072-10-3894900_lc,Asfuvirales,Myxococcales bacterium,2,"occurance_ill_positive, occurance_ont_positive","97,0588"
Damh_4,Damh_tig00001225-10-3980460_lc,Asfuvirales,Myxococcales bacterium,2,"occurance_ill_positive, occurance_ont_positive","97,9769"
Damh_4,Damh_tig00001369-10-3297660_lc,Asfuvirales,Myxococcales bacterium,2,"occurance_ill_positive, occurance_ont_positive","97,4638"
Damh_4,Damh_tig00001452-10-3594700_lc,Asfuvirales,Myxococcales bacterium,2,"occurance_ill_positive, occurance_ont_positive","95,8904"
Damh_4,Damh_tig00002144-10-3814740_lc,Asfuvirales,Holophagales bacterium,2,"occurance_ill_positive, occurance_ont_positive","97,9381"
Damh_4,Damh_tig00005618-10-1764540_lc,Asfuvirales,Holophagales bacterium,2,"occurance_ill_positive, occurance_ont_positive","97,351"
Damh_4,Ega_tig00001091-10-3284670_lc,Asfuvirales,Myxococcales bacterium,2,"occurance_ill_positive, occurance_ont_positive","93,1271"
Damh_4,Ega_tig00004525-10-1501770_lc,Asfuvirales,Holophagales bacterium,2,"occurance_ill_positive, occurance_ont_positive","96,8504"
Damh_4,Ega_tig00741983-10-3472910_lc,Asfuvirales,Myxococcales bacterium,2,"occurance_ill_positive, occurance_ont_positive","91,1661"
Damh_4,Ega_tig00746061-10-1055420_lc,Asfuvirales,Holophagales bacterium,2,"occurance_ill_positive, occurance_ont_positive","97,9381"
Damh_4,Ejby_tig00000083-10-15213990_lc,Asfuvirales,Leptospiraceae bacterium,2,"occurance_ill_positive, occurance_ont_positive","99,5751"
Damh_4,Ejby_tig00000116-10-3297240_lc,Asfuvirales,Leptospiraceae bacterium,2,"occurance_ill_positive, occurance_ont_positive","99,3289"
Damh_4,Ejby_tig00000298-10-9736210_lc,Asfuvirales,Candidatus Vicinibacter affinis,2,"occurance_ill_positive, occurance_ont_positive","94,723"
Damh_4,Ejby_tig00000759-10-4409360_lc,Asfuvirales,Leptospiraceae bacterium,2,"occurance_ill_positive, occurance_ont_positive","97,6303"
Damh_4,Ejby_tig00003673-10-1642150_lc,Asfuvirales,Myxococcales bacterium,2,"occurance_ill_positive, occurance_ont_positive","94,964"
Damh_4,Ejby_tig00008241-10-1079620_lc,Asfuvirales,Myxococcales bacterium,2,"occurance_ill_positive, occurance_ont_positive","96,9072"
Damh_4,Ejby_tig00214640-10-2529920_lc,Asfuvirales,Leptospiraceae bacterium,2,"occurance_ill_positive, occurance_ont_positive","99,5"
Damh_4,Ejby_tig00832123-10-3643030_lc,Asfuvirales,Leptospiraceae bacterium,2,"occurance_ill_positive, occurance_ont_positive","98,7055"
Damh_4,EsbE_tig00000414-10-13949500_lc,Asfuvirales,Candidatus Vicinibacter affinis,2,"occurance_ill_positive, occurance_ont_positive","95,8904"
Damh_4,EsbW_tig00003643-10-3986950_lc,Asfuvirales,Rhodocyclales bacterium,2,"occurance_ill_positive, occurance_ont_positive","41,6894"
Damh_4,EsbW_tig00251186-10-1349300_lc,Asfuvirales,Candidatus Defluviibacterium haderslevense,2,"occurance_ill_positive, occurance_ont_positive","43,75"
Damh_4,Hade_tig00005398-10-2391120_lc,Asfuvirales,Leptospiraceae bacterium,2,"occurance_ill_positive, occurance_ont_positive",100
Damh_4,Mari_tig00004533-10-2340720_lc,Asfuvirales,Myxococcales bacterium,2,"occurance_ill_positive, occurance_ont_positive","91,954"
Damh_4,Mari_tig00005268-10-2230520_lc,Asfuvirales,Myxococcales bacterium,2,"occurance_ill_positive, occurance_ont_positive","94,6746"
Damh_4,Mari_tig00008829-10-1435440_lc,Asfuvirales,Myxococcales bacterium,2,"occurance_ill_positive, occurance_ont_positive","97,6923"
Damh_4,Mari_tig00218042-1990-3792760_lc,Asfuvirales,Holophagales bacterium,2,"occurance_ill_positive, occurance_ont_positive","96,0265"
Damh_4,Mari_tig00218201-10-1517550_lc,Asfuvirales,Holophagales bacterium,2,"occurance_ill_positive, occurance_ont_positive","94,3548"
Damh_4,OdNE_tig00000205-10-3481750_lc,Asfuvirales,Leptospiraceae bacterium,2,"occurance_ill_positive, occurance_ont_positive","99,6466"
Damh_4,OdNE_tig00001893-10-6139520_lc,Asfuvirales,Holophagales bacterium,2,"occurance_ill_positive, occurance_ont_positive","97,0464"
Damh_4,OdNE_tig00002174-10-4898110_lc,Asfuvirales,Holophagales bacterium,2,"occurance_ill_positive, occurance_ont_positive","97,7612"
Damh_4,OdNE_tig00009064-10-1444850_lc,Asfuvirales,Myxococcales bacterium,2,"occurance_ill_positive, occurance_ont_positive","92,9134"
Damh_4,OdNE_tig00011221-10-1797660_lc,Asfuvirales,Holophagales bacterium,2,"occurance_ill_positive, occurance_ont_positive","99,2537"
Damh_4,OdNE_tig00228132-10-7511800_lc,Asfuvirales,Leptospiraceae bacterium,2,"occurance_ill_positive, occurance_ont_positive","99,2436"
Damh_4,OdNE_tig00228292-10-3696290_lc,Asfuvirales,Ignavibacteria bacterium,2,"occurance_ill_positive, occurance_ont_positive","98,3974"
Damh_4,OdNE_tig00228620-10-2506230_lc,Asfuvirales,Holophagales bacterium,2,"occurance_ill_positive, occurance_ont_positive","94,2584"
Damh_4,OdNE_tig00228951-10-1720180_lc,Asfuvirales,Ignavibacteria bacterium,2,"occurance_ill_positive, occurance_ont_positive","99,2537"
Damh_4,OdNW_tig00002828-10-1521020_lc,Asfuvirales,Myxococcales bacterium,2,"occurance_ill_positive, occurance_ont_positive","93,5484"
Damh_4,OdNW_tig00896799-10-1914940_lc,Asfuvirales,Leptospiraceae bacterium,2,"occurance_ill_positive, occurance_ont_positive","97,3822"
Damh_4,Ribe_tig00002307-10-4544390_lc,Asfuvirales,Holophagales bacterium,2,"occurance_ill_positive, occurance_ont_positive","98,6226"
Hjor_10,Ega_tig00003792-10-1634010_lc,Imitervirales,Rhodoferax sp.,2,"occurance_ill_positive, occurance_ont_positive","69,7987"
Hjor_10,Ega_tig00746061-10-1055420_lc,Imitervirales,Holophagales bacterium,2,"occurance_ill_positive, occurance_ont_positive","97,9381"
Hjor_10,EsbW_tig00001290-10-13083280_lc,Imitervirales,Ignavibacteria bacterium,2,"occurance_ill_positive, occurance_ont_positive","99,4805"
Hjor_10,EsbW_tig00001971-10-9082260_lc,Imitervirales,Ignavibacteria bacterium,2,"occurance_ill_positive, occurance_ont_positive","98,8904"
Hjor_10,EsbW_tig00002921-10-3067790_lc,Imitervirales,Ignavibacteria bacterium,2,"occurance_ill_positive, occurance_ont_positive","99,2883"
Hjor_10,EsbW_tig00003714-10-5168730_lc,Imitervirales,Ignavibacteria bacterium,2,"occurance_ill_positive, occurance_ont_positive","99,0991"
Hjor_10,EsbW_tig00004740-10-4795130_lc,Imitervirales,Ignavibacteria bacterium,2,"occurance_ill_positive, occurance_ont_positive","98,4887"
Hjor_10,EsbW_tig00004984-10-4350750_lc,Imitervirales,Ignavibacteria bacterium,2,"occurance_ill_positive, occurance_ont_positive","99,6979"
Hade_5,EsbW_tig00006717-10-1137170_lc,Imitervirales,Sulfuritalea sp.,2,"occurance_ill_positive, occurance_ont_positive","65,3061"
Hade_5,EsbW_tig00010709-10-1712340_lc,Imitervirales,Candidatus Omnitrophota bacterium,2,"occurance_ill_positive, occurance_ont_positive","95,9459"
Hade_5,EsbW_tig00012723-10-1202540_lc,Imitervirales,Sulfuritalea sp.,2,"occurance_ill_positive, occurance_ont_positive","73,5294"
Hade_5,EsbW_tig00016424-10-1081440_lc,Imitervirales,Nannocystis sp.,2,"occurance_ill_positive, occurance_ont_positive","27,2727"
Hade_5,EsbW_tig00250420-10-28398040_lc,Imitervirales,Chitinophagaceae bacterium,2,"occurance_ill_positive, occurance_ont_positive","73,6202"
Hade_5,EsbW_tig00250571-10-4563130_lc,Imitervirales,Propionivibrio sp.,2,"occurance_ill_positive, occurance_ont_positive","96,8109"
Hade_5,EsbW_tig00251425-10-2172200_lc,Imitervirales,Sulfuritalea sp.,2,"occurance_ill_positive, occurance_ont_positive","69,4581"
Hade_5,EsbW_tig01102873-10-1033320_lc,Imitervirales,Sulfuritalea sp.,2,"occurance_ill_positive, occurance_ont_positive","75,9494"
Hade_5,Hade_tig00001746-10-6227560_lc,Imitervirales,Candidatus Omnitrophota bacterium,2,"occurance_ill_positive, occurance_ont_positive","89,0288"
Hade_5,Hade_tig00002546-10-5290420_lc,Imitervirales,Candidatus Omnitrophota bacterium,2,"occurance_ill_positive, occurance_ont_positive","97,5659"
Hade_5,Hade_tig00009300-10-2759300_lc,Imitervirales,Candidatus Saccharibacteria bacterium,2,"occurance_ill_positive, occurance_ont_positive","67,7885"
Hade_5,Hade_tig00010495-10-1164680_lc,Imitervirales,Bacteroidota bacterium,2,"occurance_ill_positive, occurance_ont_positive","43,4783"
Hade_5,Hade_tig00406208-10-4515980_lc,Imitervirales,Sulfuritalea sp.,2,"occurance_ill_positive, occurance_ont_positive","60,5634"
Hade_5,Hade_tig00406245-10-1520270_lc,Imitervirales,Sulfuritalea sp.,2,"occurance_ill_positive, occurance_ont_positive","68,7075"
Hade_5,Hade_tig00409672-10-1371740_lc,Imitervirales,Pseudomonadota bacterium,2,"occurance_ill_positive, occurance_ont_positive","38,8889"
Hade_5,Hjor_tig00002446-10-5887860_lc,Imitervirales,Burkholderiaceae bacterium,2,"occurance_ill_positive, occurance_ont_positive","47,8333"
Hade_5,Hjor_tig00004473-10-2203160_lc,Imitervirales,Betaproteobacteria bacterium,2,"occurance_ill_positive, occurance_ont_positive","98,5646"
Hade_5,Hjor_tig00004820-10-2218080_lc,Imitervirales,Betaproteobacteria bacterium,2,"occurance_ill_positive, occurance_ont_positive","95,3846"
Hade_5,Hjor_tig00005798-10-1410790_lc,Imitervirales,Candidatus Omnitrophota bacterium,2,"occurance_ill_positive, occurance_ont_positive","77,2727"
Hade_5,Hjor_tig00006456-10-1383840_lc,Imitervirales,Candidatus Omnitrophota bacterium,2,"occurance_ill_positive, occurance_ont_positive","96,0938"
Hade_5,Hjor_tig00006619-10-1299910_lc,Imitervirales,Candidatus Saccharibacteria bacterium,2,"occurance_ill_positive, occurance_ont_positive","71,9512"
Hade_5,Mari_tig00007009-10-1622850_lc,Imitervirales,Candidatus Omnitrophota bacterium,2,"occurance_ill_positive, occurance_ont_positive","96,2687"
Hade_5,Mari_tig00218389-10-5868900_lc,Imitervirales,Sulfuritalea sp.,2,"occurance_ill_positive, occurance_ont_positive",55
Hade_5,Mari_tig00218912-10-1731690_lc,Imitervirales,Sulfuritalea sp.,2,"occurance_ill_positive, occurance_ont_positive","65,6442"
Hade_5,Mari_tig00869281-10-3087370_lc,Imitervirales,Sulfuritalea sp.,2,"occurance_ill_positive, occurance_ont_positive","87,5839"
Hade_5,Mari_tig00873929-10-7728680_lc,Imitervirales,Sulfuritalea sp.,2,"occurance_ill_positive, occurance_ont_positive","58,0854"
Hade_5,OdNW_tig00004157-10-2034120_lc,Imitervirales,Candidatus Omnitrophota bacterium,2,"occurance_ill_positive, occurance_ont_positive","96,5686"
Hade_5,OdNW_tig00016149-10-1119320_lc,Imitervirales,Candidatus Omnitrophota bacterium,2,"occurance_ill_positive, occurance_ont_positive","78,7879"
Hade_5,Ribe_tig00001852-10-2667860_lc,Imitervirales,Propionivibrio sp.,2,"occurance_ill_positive, occurance_ont_positive","95,935"
Hade_5,Ribe_tig00002028-10-5522310_lc,Imitervirales,Polaromonas sp.,2,"occurance_ill_positive, occurance_ont_positive","48,03"
Hade_5,Ribe_tig00002070-10-4210150_lc,Imitervirales,Sulfuritalea sp.,2,"occurance_ill_positive, occurance_ont_positive","59,7122"
Hade_5,Ribe_tig00007550-10-1331850_lc,Imitervirales,Sulfuritalea sp.,2,"occurance_ill_positive, occurance_ont_positive","75,2381"
Hade_5,Skiv_tig00000671-10-11841390_lc,Imitervirales,Propionivibrio sp.,2,"occurance_ill_positive, occurance_ont_positive","97,1323"
Hade_5,Skiv_tig00000744-10-11155060_lc,Imitervirales,Candidatus Omnitrophota bacterium,2,"occurance_ill_positive, occurance_ont_positive","87,4372"
Hade_5,Skiv_tig00001657-10-8835150_lc,Imitervirales,Candidatus Omnitrophota bacterium,2,"occurance_ill_positive, occurance_ont_positive","90,9214"
Hade_5,Skiv_tig00011690-10-1432330_lc,Imitervirales,Candidatus Saccharibacteria bacterium,2,"occurance_ill_positive, occurance_ont_positive","67,3469"
Hade_5,Skiv_tig00015810-10-1211720_lc,Imitervirales,Candidatus Saccharibacteria bacterium,2,"occurance_ill_positive, occurance_ont_positive","68,3673"
Hade_5,Skiv_tig00017816-10-1375570_lc,Imitervirales,Rhodoferax sp.,2,"occurance_ill_positive, occurance_ont_positive","29,1667"
Hade_5,Skiv_tig01148476-10-7575510_lc,Imitervirales,Candidatus Omnitrophota bacterium,2,"occurance_ill_positive, occurance_ont_positive","90,5462"
Hade_5,Viby_tig00591733-10-1118980_lc,Imitervirales,Sulfuritalea sp.,2,"occurance_ill_positive, occurance_ont_positive","91,6667"
Hjor_10,Hade_tig00005643-10-1001260_lc,Imitervirales,Ignavibacteria bacterium,2,"occurance_ill_positive, occurance_ont_positive",100
Hjor_10,Hade_tig00017069-10-1318280_lc,Imitervirales,Rhodoferax sp.,2,"occurance_ill_positive, occurance_ont_positive","69,8113"
Hjor_10,Hade_tig00023332-10-1055420_lc,Imitervirales,Holophagales bacterium,2,"occurance_ill_positive, occurance_ont_positive","94,5055"
Hjor_10,Hade_tig00406208-10-4515980_lc,Imitervirales,Sulfuritalea sp.,2,"occurance_ill_positive, occurance_ont_positive","60,5634"
Hjor_10,Hade_tig01674625-10-2633930_lc,Imitervirales,Ignavibacteria bacterium,2,"occurance_ill_positive, occurance_ont_positive","99,5816"
Hjor_10,Hjor_tig00001119-10-1159970_lc,Imitervirales,Ignavibacteria bacterium,2,"occurance_ill_positive, occurance_ont_positive",100
Hjor_10,Hjor_tig00001317-10-13798830_lc,Imitervirales,Dermatophilaceae bacterium,2,"occurance_ill_positive, occurance_ont_positive","66,4749"
Hjor_10,Hjor_tig00002921-10-3687190_lc,Imitervirales,Dermatophilaceae bacterium,2,"occurance_ill_positive, occurance_ont_positive","64,6302"
Hjor_10,Hjor_tig00004066-10-2395310_lc,Imitervirales,Sulfuritalea sp.,2,"occurance_ill_positive, occurance_ont_positive",60
Hjor_10,Hjor_tig00004127-10-2197880_lc,Imitervirales,Holophagales bacterium,2,"occurance_ill_positive, occurance_ont_positive","92,5926"
Hjor_10,Hjor_tig00005400-10-1337130_lc,Imitervirales,Sulfuritalea sp.,2,"occurance_ill_positive, occurance_ont_positive","41,2214"
Hjor_10,Hjor_tig00119779-10-5653700_lc,Imitervirales,Ignavibacteria bacterium,2,"occurance_ill_positive, occurance_ont_positive","93,6842"
Hjor_10,Hjor_tig00119781-10-5883400_lc,Imitervirales,Ignavibacteria bacterium,2,"occurance_ill_positive, occurance_ont_positive","98,7288"
Hjor_10,Hjor_tig00119785-10-2578330_lc,Imitervirales,Ignavibacteria bacterium,2,"occurance_ill_positive, occurance_ont_positive","99,5238"
Hjor_10,Hjor_tig00119789-10-6856970_lc,Imitervirales,Ignavibacteria bacterium,2,"occurance_ill_positive, occurance_ont_positive","97,4958"
Hjor_10,Hjor_tig00119876-10-3007460_lc,Imitervirales,Ignavibacteria bacterium,2,"occurance_ill_positive, occurance_ont_positive","98,0392"
Hjor_10,Hjor_tig00119914-10-2807850_lc,Imitervirales,Ignavibacteria bacterium,2,"occurance_ill_positive, occurance_ont_positive","99,5902"
Hjor_10,Hjor_tig00119918-10-2744890_lc,Imitervirales,Ignavibacteria bacterium,2,"occurance_ill_positive, occurance_ont_positive","97,3684"
Hjor_10,Hjor_tig00119944-10-2797790_lc,Imitervirales,Ignavibacteria bacterium,2,"occurance_ill_positive, occurance_ont_positive","86,9565"
Hjor_10,Mari_tig00000326-10-7574630_lc,Imitervirales,Ignavibacteria bacterium,2,"occurance_ill_positive, occurance_ont_positive","99,6805"
Hjor_10,Mari_tig00000748-10-3201330_lc,Imitervirales,Ignavibacteria bacterium,2,"occurance_ill_positive, occurance_ont_positive","98,9831"
Hjor_10,Mari_tig00001467-10-6304550_lc,Imitervirales,Ignavibacteria bacterium,2,"occurance_ill_positive, occurance_ont_positive","99,0548"
Hjor_10,Mari_tig00002861-10-3684120_lc,Imitervirales,Ignavibacteria bacterium,2,"occurance_ill_positive, occurance_ont_positive","99,0783"
Hjor_10,Mari_tig00003082-10-3347720_lc,Imitervirales,Rhodoferax sp.,2,"occurance_ill_positive, occurance_ont_positive","73,4545"
Hjor_10,Mari_tig00218042-1990-3792760_lc,Imitervirales,Holophagales bacterium,2,"occurance_ill_positive, occurance_ont_positive","96,0265"
Hjor_10,Mari_tig00218278-10-10521780_lc,Imitervirales,Ignavibacteria bacterium,2,"occurance_ill_positive, occurance_ont_positive","99,3326"
Hjor_10,Mari_tig00218437-10-4470970_lc,Imitervirales,Ignavibacteria bacterium,2,"occurance_ill_positive, occurance_ont_positive","98,9011"
Hjor_10,Mari_tig00873922-10-4418390_lc,Imitervirales,Ignavibacteria bacterium,2,"occurance_ill_positive, occurance_ont_positive","99,7024"
Hjor_10,OdNE_tig00002174-10-4898110_lc,Imitervirales,Holophagales bacterium,2,"occurance_ill_positive, occurance_ont_positive","97,7612"
Hjor_10,OdNE_tig00009733-10-1561670_lc,Imitervirales,Ignavibacteria bacterium,2,"occurance_ill_positive, occurance_ont_positive","94,1748"
Hjor_10,OdNE_tig00228951-10-1720180_lc,Imitervirales,Ignavibacteria bacterium,2,"occurance_ill_positive, occurance_ont_positive","99,2537"
Hjor_10,Ribe_tig00000935-10-10939420_lc,Imitervirales,Ignavibacteria bacterium,2,"occurance_ill_positive, occurance_ont_positive","95,7701"
Hjor_10,Ribe_tig00001053-10-10392090_lc,Imitervirales,Ignavibacteria bacterium,2,"occurance_ill_positive, occurance_ont_positive","99,1026"
Hjor_10,Ribe_tig00001145-10-5642080_lc,Imitervirales,Ignavibacteria bacterium,2,"occurance_ill_positive, occurance_ont_positive","96,5795"
Hjor_10,Ribe_tig00001289-10-7559120_lc,Imitervirales,Ignavibacteria bacterium,2,"occurance_ill_positive, occurance_ont_positive","99,1482"
Hjor_10,Ribe_tig00006367-10-1708680_lc,Imitervirales,Ignavibacteria bacterium,2,"occurance_ill_positive, occurance_ont_positive","95,7746"
Hjor_10,Ribe_tig00278209-10-1496720_lc,Imitervirales,Sulfuritalea sp.,2,"occurance_ill_positive, occurance_ont_positive","62,9371"
Hjor_10,Skiv_tig00004066-10-6436000_lc,Imitervirales,Ignavibacteria bacterium,2,"occurance_ill_positive, occurance_ont_positive","99,5146"
Hjor_10,Skiv_tig01148678-10-3788780_lc,Imitervirales,Ignavibacteria bacterium,2,"occurance_ill_positive, occurance_ont_positive","98,8827"
Hjor_10,Vibo_tig00001602-10-2327070_lc,Imitervirales,Ignavibacteria bacterium,2,"occurance_ill_positive, occurance_ont_positive","99,2308"
Hjor_10,Vibo_tig00002261-10-4956410_lc,Imitervirales,Ignavibacteria bacterium,2,"occurance_ill_positive, occurance_ont_positive","97,4874"
Hjor_10,Vibo_tig00003066-10-2571190_lc,Imitervirales,Ignavibacteria bacterium,2,"occurance_ill_positive, occurance_ont_positive","98,2379"
Hjor_10,Vibo_tig00004239-10-1863780_lc,Imitervirales,Holophagales bacterium,2,"occurance_ill_positive, occurance_ont_positive","69,5652"
Hjor_10,Vibo_tig00012419-10-1074620_lc,Imitervirales,Ignavibacteria bacterium,2,"occurance_ill_positive, occurance_ont_positive","98,8636"
Hjor_10,Vibo_tig00177956-10-2187130_lc,Imitervirales,Holophagales bacterium,2,"occurance_ill_positive, occurance_ont_positive","86,8852"
Hade_5,AalE_tig00000619-10-2774530_lc,Imitervirales,Betaproteobacteria bacterium,2,"occurance_ill_negative, occurance_ont_negative","89,7436"
Hade_5,AalE_tig00000673-10-6487020_lc,Imitervirales,Betaproteobacteria bacterium,2,"occurance_ill_negative, occurance_ont_negative","81,7556"
Hade_5,AalE_tig00001426-10-5593060_lc,Imitervirales,Gammaproteobacteria bacterium,2,"occurance_ill_negative, occurance_ont_negative","93,7247"
Hade_5,AalE_tig00002115-10-1410850_lc,Imitervirales,Betaproteobacteria bacterium,2,"occurance_ill_negative, occurance_ont_negative","88,5496"
Hade_5,AalE_tig00263889-10-7280750_lc,Imitervirales,Betaproteobacteria bacterium,2,"occurance_ill_negative, occurance_ont_negative","88,8563"
Hade_5,AalE_tig00264105-10-5468340_lc,Imitervirales,Betaproteobacteria bacterium,2,"occurance_ill_negative, occurance_ont_negative","89,8855"
Hade_5,AalW_tig00000448-10-20589020_lc,Imitervirales,Flavobacteriales bacterium,2,"occurance_ill_negative, occurance_ont_negative","99,7677"
Hjor_10,AalW_tig00021030-10-1252500_lc,Imitervirales,Anaerolineales bacterium,2,"occurance_ill_negative, occurance_ont_negative","54,5455"
Hade_5,AalW_tig00403926-10-5297260_lc,Imitervirales,Betaproteobacteria bacterium,2,"occurance_ill_negative, occurance_ont_negative","79,5276"
Hade_5,AalW_tig00403943-10-5788890_lc,Imitervirales,Betaproteobacteria bacterium,2,"occurance_ill_negative, occurance_ont_negative","61,4679"
Hade_5,AalW_tig00403949-10-4779880_lc,Imitervirales,Betaproteobacteria bacterium,2,"occurance_ill_negative, occurance_ont_negative","81,2081"
Hade_5,AalW_tig00403953-10-2613210_lc,Imitervirales,Betaproteobacteria bacterium,2,"occurance_ill_negative, occurance_ont_negative","76,3713"
Hade_5,AalW_tig00403997-10-1062620_lc,Imitervirales,Betaproteobacteria bacterium,2,"occurance_ill_negative, occurance_ont_negative","79,4393"
Hade_5,AalW_tig00404124-10-25052390_lc,Imitervirales,Nitrosomonas sp.,2,"occurance_ill_negative, occurance_ont_negative","97,1121"
Hade_5,AalW_tig00404333-10-6662020_lc,Imitervirales,Gammaproteobacteria bacterium,2,"occurance_ill_negative, occurance_ont_negative","70,5983"
Hade_5,AalW_tig00404892-10-8286520_lc,Imitervirales,Chitinophagaceae bacterium,2,"occurance_ill_negative, occurance_ont_negative","96,5879"
Hade_5,AalW_tig00405303-10-5817070_lc,Imitervirales,Chitinophagaceae bacterium,2,"occurance_ill_negative, occurance_ont_negative","96,7495"
Hade_5,AalW_tig00407505-10-2278150_lc,Imitervirales,Chitinophagaceae bacterium,2,"occurance_ill_negative, occurance_ont_negative","96,7391"
Hade_5,AalW_tig00408042-10-1649540_lc,Imitervirales,Chromatiaceae bacterium,2,"occurance_ill_negative, occurance_ont_negative","68,5897"
Hade_5,AalW_tig01688529-10-5173800_lc,Imitervirales,Betaproteobacteria bacterium,2,"occurance_ill_negative, occurance_ont_negative","90,5303"
Hjor_10,AalW_tig01688529-10-5173800_lc,Imitervirales,Betaproteobacteria bacterium,2,"occurance_ill_negative, occurance_ont_negative","90,5303"
Hade_5,Aved_tig00000837-10-19575330_lc,Imitervirales,Xanthomonadales bacterium,2,"occurance_ill_negative, occurance_ont_negative","98,7857"
Hade_5,Aved_tig00001818-10-11279730_lc,Imitervirales,Planctomycetota bacterium,2,"occurance_ill_negative, occurance_ont_negative","80,5815"
Hade_5,Aved_tig00011277-10-2809410_lc,Imitervirales,Betaproteobacteria bacterium,2,"occurance_ill_negative, occurance_ont_negative","94,1176"
Hjor_10,Aved_tig00020529-10-1472260_lc,Imitervirales,Candidatus Hydrogenedentota bacterium,2,"occurance_ill_negative, occurance_ont_negative","97,2414"
Hade_5,Aved_tig00373226-10-1106450_lc,Imitervirales,Betaproteobacteria bacterium,2,"occurance_ill_negative, occurance_ont_negative","91,6667"
Hade_5,Aved_tig00373228-10-2667940_lc,Imitervirales,Betaproteobacteria bacterium,2,"occurance_ill_negative, occurance_ont_negative","93,9271"
Hade_5,Aved_tig00373238-10-3551710_lc,Imitervirales,Betaproteobacteria bacterium,2,"occurance_ill_negative, occurance_ont_negative","88,9571"
Hade_5,Aved_tig00373265-10-2557040_lc,Imitervirales,Chitinophagaceae bacterium,2,"occurance_ill_negative, occurance_ont_negative","98,5294"
Hade_5,Aved_tig00373271-10-2040890_lc,Imitervirales,Chitinophagaceae bacterium,2,"occurance_ill_negative, occurance_ont_negative","97,6744"
Hade_5,Aved_tig00373275-10-3280240_lc,Imitervirales,Chitinophagaceae bacterium,2,"occurance_ill_negative, occurance_ont_negative","98,9967"
Hade_5,Aved_tig00373320-10-4666250_lc,Imitervirales,Betaproteobacteria bacterium,2,"occurance_ill_negative, occurance_ont_negative","90,2676"
Hjor_10,Aved_tig00373356-10-2292770_lc,Imitervirales,Anaerolineales bacterium,2,"occurance_ill_negative, occurance_ont_negative","88,7755"
Hade_5,Aved_tig00373616-10-1813440_lc,Imitervirales,Betaproteobacteria bacterium,2,"occurance_ill_negative, occurance_ont_negative","93,3735"
Hade_5,Aved_tig00373620-10-3858990_lc,Imitervirales,Betaproteobacteria bacterium,2,"occurance_ill_negative, occurance_ont_negative","94,1799"
Bjer_7,Hade_tig00409672-10-1371740_lc,Asfuvirales,Pseudomonadota bacterium,2,"occurance_ill_negative, occurance_ont_negative","38,8889"
Hade_5,Bjer_tig00199829-10-11956760_lc,Imitervirales,Betaproteobacteria bacterium,2,"occurance_ill_negative, occurance_ont_negative","89,8927"
Hade_5,Bjer_tig00199835-10-12679620_lc,Imitervirales,Betaproteobacteria bacterium,2,"occurance_ill_negative, occurance_ont_negative","82,0666"
Hade_5,Bjer_tig00199837-10-13729410_lc,Imitervirales,Betaproteobacteria bacterium,2,"occurance_ill_negative, occurance_ont_negative","87,9405"
Hade_5,Bjer_tig00199893-4722910382-10093570_lc,Imitervirales,Chitinophagaceae bacterium,2,"occurance_ill_negative, occurance_ont_negative","96,3615"
Hade_5,Bjer_tig00199912-10-3055690_lc,Imitervirales,Chitinophagaceae bacterium,2,"occurance_ill_negative, occurance_ont_negative","95,3737"
Hade_5,Bjer_tig00199931-10-2857410_lc,Imitervirales,Betaproteobacteria bacterium,2,"occurance_ill_negative, occurance_ont_negative","90,5263"
Damh_3,EsbE_tig00001352-10-6110520_lc,Asfuvirales,Anaerolineae bacterium,2,"occurance_ill_negative, occurance_ont_negative","40,3169"
Damh_3,Hade_tig00409672-10-1371740_lc,Asfuvirales,Pseudomonadota bacterium,2,"occurance_ill_negative, occurance_ont_negative","38,8889"
Damh_4,Hade_tig00409672-10-1371740_lc,Asfuvirales,Pseudomonadota bacterium,2,"occurance_ill_negative, occurance_ont_negative","38,8889"
Hade_5,Damh_tig00000297-10-14493900_lc,Imitervirales,Gammaproteobacteria bacterium,2,"occurance_ill_negative, occurance_ont_negative","76,6952"
Hade_5,Damh_tig00001003-10-1086070_lc,Imitervirales,Betaproteobacteria bacterium,2,"occurance_ill_negative, occurance_ont_negative","89,6552"
Hade_5,Damh_tig00001516-10-4280100_lc,Imitervirales,Ignavibacteriota bacterium,2,"occurance_ill_negative, occurance_ont_negative","90,5569"
Hjor_10,Damh_tig00006406-10-1040200_lc,Imitervirales,Anaerolineales bacterium,2,"occurance_ill_negative, occurance_ont_negative","95,6989"
Hade_5,Damh_tig00201721-10-8179240_lc,Imitervirales,Chitinophagaceae bacterium,2,"occurance_ill_negative, occurance_ont_negative","97,3973"
Hade_5,Damh_tig00201725-10-3108820_lc,Imitervirales,Chitinophagaceae bacterium,2,"occurance_ill_negative, occurance_ont_negative","98,951"
Hade_5,Damh_tig00201735-10-2251680_lc,Imitervirales,Betaproteobacteria bacterium,2,"occurance_ill_negative, occurance_ont_negative","87,3239"
Hade_5,Damh_tig00201735-10-5986000_lc,Imitervirales,Betaproteobacteria bacterium,2,"occurance_ill_negative, occurance_ont_negative","71,0092"
Hade_5,Damh_tig00201742-10-4618730_lc,Imitervirales,Betaproteobacteria bacterium,2,"occurance_ill_negative, occurance_ont_negative","84,1014"
Hade_5,Damh_tig00201748-10-5393280_lc,Imitervirales,Betaproteobacteria bacterium,2,"occurance_ill_negative, occurance_ont_negative","87,9771"
Hade_5,Damh_tig00201938-10-1451760_lc,Imitervirales,Betaproteobacteria bacterium,2,"occurance_ill_negative, occurance_ont_negative","85,2113"
Hade_5,Damh_tig00202073-10-2630970_lc,Imitervirales,Chromatiaceae bacterium,2,"occurance_ill_negative, occurance_ont_negative","70,4167"
Hade_5,Damh_tig00835201-10-1805180_lc,Imitervirales,Xanthomonadales bacterium,2,"occurance_ill_negative, occurance_ont_negative","99,3333"
Hade_5,Ega_tig00000063-11940-7064060_lc,Imitervirales,Betaproteobacteria bacterium,2,"occurance_ill_negative, occurance_ont_negative","92,9985"
Hade_5,Ega_tig00000072-10-8981080_lc,Imitervirales,Betaproteobacteria bacterium,2,"occurance_ill_negative, occurance_ont_negative","93,0126"
Hade_5,Ega_tig00001075-10-3051240_lc,Imitervirales,Betaproteobacteria bacterium,2,"occurance_ill_negative, occurance_ont_negative","92,6056"
Hade_5,Ega_tig00192047-10-7251990_lc,Imitervirales,Betaproteobacteria bacterium,2,"occurance_ill_negative, occurance_ont_negative","92,6301"
Hade_5,Ega_tig00741953-10-3656730_lc,Imitervirales,Betaproteobacteria bacterium,2,"occurance_ill_negative, occurance_ont_negative","93,2011"
Hade_5,Ejby_tig00000061-10-2803780_lc,Imitervirales,Betaproteobacteria bacterium,2,"occurance_ill_negative, occurance_ont_negative","92,963"
Hade_5,Ejby_tig00000136-10-8756660_lc,Imitervirales,Betaproteobacteria bacterium,2,"occurance_ill_negative, occurance_ont_negative","93,1034"
Hade_5,Ejby_tig00000698-10-6924760_lc,Imitervirales,Chitinophagaceae bacterium,2,"occurance_ill_negative, occurance_ont_negative","97,4441"
Hade_5,Ejby_tig00214205-10-12110690_lc,Imitervirales,Betaproteobacteria bacterium,2,"occurance_ill_negative, occurance_ont_negative","93,1699"
Hade_5,Ejby_tig00214212-10-3015860_lc,Imitervirales,Betaproteobacteria bacterium,2,"occurance_ill_negative, occurance_ont_negative","92,7798"
Hade_5,EsbE_tig00000258-10-17058750_lc,Imitervirales,Betaproteobacteria bacterium,2,"occurance_ill_negative, occurance_ont_negative","90,07"
Hade_5,EsbE_tig00000410-10-11940640_lc,Imitervirales,Betaproteobacteria bacterium,2,"occurance_ill_negative, occurance_ont_negative","87,1468"
Hade_5,EsbE_tig00000626-10-3321780_lc,Imitervirales,Betaproteobacteria bacterium,2,"occurance_ill_negative, occurance_ont_negative","86,0248"
Hade_5,EsbE_tig00174974-6340-3334610_lc,Imitervirales,Betaproteobacteria bacterium,2,"occurance_ill_negative, occurance_ont_negative","91,5663"
Hade_5,EsbE_tig00174980-10-3125290_lc,Imitervirales,Betaproteobacteria bacterium,2,"occurance_ill_negative, occurance_ont_negative","88,1188"
Hade_5,EsbW_tig00001792-10-5014790_lc,Imitervirales,Betaproteobacteria bacterium,2,"occurance_ill_negative, occurance_ont_negative","91,9087"
Hade_5,EsbW_tig00005494-10-3276800_lc,Imitervirales,Betaproteobacteria bacterium,2,"occurance_ill_negative, occurance_ont_negative","88,9251"
Hade_5,EsbW_tig00007210-10-2649400_lc,Imitervirales,Betaproteobacteria bacterium,2,"occurance_ill_negative, occurance_ont_negative","92,827"
Hjor_10,EsbW_tig00014550-10-1013900_lc,Imitervirales,Anaerolineales bacterium,2,"occurance_ill_negative, occurance_ont_negative","86,5169"
Hade_5,EsbW_tig00015230-10-1289500_lc,Imitervirales,Betaproteobacteria bacterium,2,"occurance_ill_negative, occurance_ont_negative","89,9225"
Hade_5,EsbW_tig00250711-10-7927870_lc,Imitervirales,Betaproteobacteria bacterium,2,"occurance_ill_negative, occurance_ont_negative","93,9153"
Hjor_10,EsbW_tig00251020-10-1099160_lc,Imitervirales,Anaerolineales bacterium,2,"occurance_ill_negative, occurance_ont_negative","87,7358"
Hade_5,Fred_tig00001333-10-11770150_lc,Imitervirales,Betaproteobacteria bacterium,2,"occurance_ill_negative, occurance_ont_negative","92,6063"
Hade_5,Fred_tig00002783-10-10406710_lc,Imitervirales,Chitinophagaceae bacterium,2,"occurance_ill_negative, occurance_ont_negative","97,9497"
Hade_5,Fred_tig00004739-10-6906730_lc,Imitervirales,Chitinophagaceae bacterium,2,"occurance_ill_negative, occurance_ont_negative","99,1367"
Hade_5,Fred_tig00011549-10-2603020_lc,Imitervirales,Betaproteobacteria bacterium,2,"occurance_ill_negative, occurance_ont_negative","93,3333"
Hade_5,Fred_tig00350846-10-38936460_lc,Imitervirales,Flavobacteriales bacterium,2,"occurance_ill_negative, occurance_ont_negative","99,7251"
Hade_5,Fred_tig00351105-10-5053980_lc,Imitervirales,Betaproteobacteria bacterium,2,"occurance_ill_negative, occurance_ont_negative","94,6939"
Hade_5,Fred_tig00351107-10-5439050_lc,Imitervirales,Betaproteobacteria bacterium,2,"occurance_ill_negative, occurance_ont_negative","91,9075"
Hade_5,Fred_tig00351109-10-6414900_lc,Imitervirales,Betaproteobacteria bacterium,2,"occurance_ill_negative, occurance_ont_negative","92,7731"
Hade_5,Fred_tig00351111-10-4239360_lc,Imitervirales,Betaproteobacteria bacterium,2,"occurance_ill_negative, occurance_ont_negative","93,6275"
Hade_5,Fred_tig00351197-10-1950150_lc,Imitervirales,Chromatiaceae bacterium,2,"occurance_ill_negative, occurance_ont_negative","79,1667"
Hjor_10,Fred_tig00351611-10-1015290_lc,Imitervirales,Anaerolineales bacterium,2,"occurance_ill_negative, occurance_ont_negative","92,5234"
Hade_5,Fred_tig00352166-10-2306980_lc,Imitervirales,Accumulibacter sp.,2,"occurance_ill_negative, occurance_ont_negative","52,381"
Hade_5,Fred_tig01546889-10-3598170_lc,Imitervirales,Chitinophagaceae bacterium,2,"occurance_ill_negative, occurance_ont_negative","97,7492"
Hade_5,Hirt_tig00004602-10-2315320_lc,Imitervirales,Betaproteobacteria bacterium,2,"occurance_ill_negative, occurance_ont_negative","87,6147"
Hade_5,Hirt_tig00316514-10-2599080_lc,Imitervirales,Betaproteobacteria bacterium,2,"occurance_ill_negative, occurance_ont_negative","91,5385"
Hade_5,Hirt_tig00316618-10-4740480_lc,Imitervirales,Betaproteobacteria bacterium,2,"occurance_ill_negative, occurance_ont_negative","88,4354"
Hade_5,Hirt_tig00316936-10-3540440_lc,Imitervirales,Betaproteobacteria bacterium,2,"occurance_ill_negative, occurance_ont_negative","72,3684"
Hade_5,Hirt_tig01355488-10-3014410_lc,Imitervirales,Betaproteobacteria bacterium,2,"occurance_ill_negative, occurance_ont_negative","89,1608"
Hade_5,Lyne_tig00000641-10-1032330_lc,Imitervirales,Betaproteobacteria bacterium,2,"occurance_ill_negative, occurance_ont_negative","35,9551"
Hade_5,Lyne_tig00001227-10-12429350_lc,Imitervirales,Betaproteobacteria bacterium,2,"occurance_ill_negative, occurance_ont_negative","88,9083"
Hade_5,Lyne_tig00006228-10-1938800_lc,Imitervirales,Planctomycetota bacterium,2,"occurance_ill_negative, occurance_ont_negative","79,0698"
Hade_5,Lyne_tig00006389-10-4650240_lc,Imitervirales,Rhodanobacteraceae bacterium,2,"occurance_ill_negative, occurance_ont_negative","87,0787"
Hade_5,Lyne_tig00320431-10-5843010_lc,Imitervirales,Chitinophagaceae bacterium,2,"occurance_ill_negative, occurance_ont_negative","93,1166"
Hade_5,Lyne_tig00320512-6130630-9111780_lc,Imitervirales,Rhodocyclales bacterium,2,"occurance_ill_negative, occurance_ont_negative","90,0344"
Hade_5,Lyne_tig00320621-10-3562440_lc,Imitervirales,Betaproteobacteria bacterium,2,"occurance_ill_negative, occurance_ont_negative","89,6657"
Hade_5,Lyne_tig00320623-10-4575430_lc,Imitervirales,Betaproteobacteria bacterium,2,"occurance_ill_negative, occurance_ont_negative","89,1358"
Hade_5,Lyne_tig00320795-10-1023330_lc,Imitervirales,Chitinophagaceae bacterium,2,"occurance_ill_negative, occurance_ont_negative","99,0909"
Hade_5,Lyne_tig00320796-10-1537520_lc,Imitervirales,Chitinophagaceae bacterium,2,"occurance_ill_negative, occurance_ont_negative","91,2"
Hade_5,Mari_tig00000588-10-11403600_lc,Imitervirales,Chitinophagaceae bacterium,2,"occurance_ill_negative, occurance_ont_negative","99,4071"
Hade_5,Mari_tig00000824-10-9980670_lc,Imitervirales,Chitinophagaceae bacterium,2,"occurance_ill_negative, occurance_ont_negative","97,8936"
Hade_5,Mari_tig00000844-10-8860920_lc,Imitervirales,Betaproteobacteria bacterium,2,"occurance_ill_negative, occurance_ont_negative","92,8144"
Hade_5,Mari_tig00001530-10-5906420_lc,Imitervirales,Betaproteobacteria bacterium,2,"occurance_ill_negative, occurance_ont_negative","92,6874"
Hade_5,Mari_tig00002206-10-4239200_lc,Imitervirales,Chitinophagaceae bacterium,2,"occurance_ill_negative, occurance_ont_negative","99,6979"
Hade_5,Mari_tig00014736-10-1041180_lc,Imitervirales,Chitinophagaceae bacterium,2,"occurance_ill_negative, occurance_ont_negative",100
Hade_5,Mari_tig00218461-10-6362770_lc,Imitervirales,Betaproteobacteria bacterium,2,"occurance_ill_negative, occurance_ont_negative","93,4122"
Hade_5,Mari_tig00869343-10-1218290_lc,Imitervirales,Betaproteobacteria bacterium,2,"occurance_ill_negative, occurance_ont_negative","93,1624"
Hade_5,OdNW_tig00000149-10-12070300_lc,Imitervirales,Betaproteobacteria bacterium,2,"occurance_ill_negative, occurance_ont_negative","88,9279"
Hade_5,OdNW_tig00000594-10-1663080_lc,Imitervirales,Betaproteobacteria bacterium,2,"occurance_ill_negative, occurance_ont_negative","70,4698"
Hade_5,OdNW_tig00008300-10-1361360_lc,Imitervirales,Chitinophagaceae bacterium,2,"occurance_ill_negative, occurance_ont_negative","99,2857"
Hade_5,OdNW_tig00219540-10-14483390_lc,Imitervirales,Betaproteobacteria bacterium,2,"occurance_ill_negative, occurance_ont_negative","83,7556"
Hade_5,OdNW_tig00219587-10-3324700_lc,Imitervirales,Betaproteobacteria bacterium,2,"occurance_ill_negative, occurance_ont_negative","84,8875"
Hade_5,Rand_tig00000308-10-10203430_lc,Imitervirales,Chitinophagaceae bacterium,2,"occurance_ill_negative, occurance_ont_negative","96,444"
Hade_5,Rand_tig00000461-10-7106340_lc,Imitervirales,Betaproteobacteria bacterium,2,"occurance_ill_negative, occurance_ont_negative","91,0518"
Hade_5,Rand_tig00000502-10-5784430_lc,Imitervirales,Betaproteobacteria bacterium,2,"occurance_ill_negative, occurance_ont_negative","94,0754"
Hade_5,Rand_tig00000513-10-5903810_lc,Imitervirales,Betaproteobacteria bacterium,2,"occurance_ill_negative, occurance_ont_negative","93,3333"
Hade_5,Rand_tig00001208-10-2563700_lc,Imitervirales,Chitinophagaceae bacterium,2,"occurance_ill_negative, occurance_ont_negative","97,0213"
Hade_5,Rand_tig00004764-10-1240600_lc,Imitervirales,Betaproteobacteria bacterium,2,"occurance_ill_negative, occurance_ont_negative","90,7692"
Hade_5,Vibo_tig00003047-10-3334040_lc,Imitervirales,Betaproteobacteria bacterium,2,"occurance_ill_negative, occurance_ont_negative","87,8419"
Hade_5,Viby_tig00000100-10-11595700_lc,Imitervirales,Betaproteobacteria bacterium,2,"occurance_ill_negative, occurance_ont_negative","88,6647"
Hade_5,Viby_tig00000333-10-9341000_lc,Imitervirales,Chitinophagaceae bacterium,2,"occurance_ill_negative, occurance_ont_negative","99,1566"
Hade_5,Viby_tig00000499-10-5312180_lc,Imitervirales,Betaproteobacteria bacterium,2,"occurance_ill_negative, occurance_ont_negative","94,1973"
Hade_5,Viby_tig00000788-10-4155160_lc,Imitervirales,Chitinophagaceae bacterium,2,"occurance_ill_negative, occurance_ont_negative","98,7245"
Hade_5,Viby_tig00591494-10-3215630_lc,Imitervirales,Betaproteobacteria bacterium,2,"occurance_ill_negative, occurance_ont_negative","91,3043"
Hjor_10,Hirt_tig00317087-10-1261480_lc,Imitervirales,Anaerolineales bacterium,2,"occurance_ill_negative, occurance_ont_negative","65,7895"
Hjor_10,Rand_tig00001957-10-3349630_lc,Imitervirales,Rhodocyclaceae bacterium,2,"occurance_ill_negative, occurance_ont_negative","98,7013"
Hjor_10,Ribe_tig00010856-10-1368260_lc,Imitervirales,Anaerolineales bacterium,2,"occurance_ill_negative, occurance_ont_negative","73,2877"
