molecule,gene,start,end,strand,orientation,gc_content,annotation
AalE_tig00021708-10-192480_vph,AalE_tig00021708-10-192480_vph_1,798,1688,forward,0,0.272,hypothetical
AalE_tig00021708-10-192480_vph,AalE_tig00021708-10-192480_vph_2,1816,2391,forward,0,0.385,hypothetical
AalE_tig00021708-10-192480_vph,AalE_tig00021708-10-192480_vph_3,2449,3504,forward,0,0.317,Penton_1
AalE_tig00021708-10-192480_vph,AalE_tig00021708-10-192480_vph_4,3536,3742,reverse,1,0.29,hypothetical
AalE_tig00021708-10-192480_vph,AalE_tig00021708-10-192480_vph_5,3778,4089,forward,0,0.308,hypothetical
AalE_tig00021708-10-192480_vph,AalE_tig00021708-10-192480_vph_6,4118,4615,reverse,1,0.357,hypothetical
AalE_tig00021708-10-192480_vph,AalE_tig00021708-10-192480_vph_7,4646,5059,forward,0,0.353,hypothetical
AalE_tig00021708-10-192480_vph,AalE_tig00021708-10-192480_vph_8,5060,5437,reverse,1,0.336,hypothetical
AalE_tig00021708-10-192480_vph,AalE_tig00021708-10-192480_vph_9,5470,5766,forward,0,0.354,hypothetical
AalE_tig00021708-10-192480_vph,AalE_tig00021708-10-192480_vph_10,5823,6257,forward,0,0.308,hypothetical
AalE_tig00021708-10-192480_vph,AalE_tig00021708-10-192480_vph_11,6318,6722,forward,0,0.316,hypothetical
AalE_tig00021708-10-192480_vph,AalE_tig00021708-10-192480_vph_12,6756,7139,forward,0,0.299,hypothetical
AalE_tig00021708-10-192480_vph,AalE_tig00021708-10-192480_vph_13,7206,7583,forward,0,0.302,hypothetical
AalE_tig00021708-10-192480_vph,AalE_tig00021708-10-192480_vph_14,7634,8041,forward,0,0.314,hypothetical
AalE_tig00021708-10-192480_vph,AalE_tig00021708-10-192480_vph_15,8064,8513,forward,0,0.344,hypothetical
AalE_tig00021708-10-192480_vph,AalE_tig00021708-10-192480_vph_16,8615,9037,forward,0,0.331,hypothetical
AalE_tig00021708-10-192480_vph,AalE_tig00021708-10-192480_vph_17,9172,9558,reverse,1,0.339,hypothetical
AalE_tig00021708-10-192480_vph,AalE_tig00021708-10-192480_vph_18,9616,10680,reverse,1,0.406,hypothetical
AalE_tig00021708-10-192480_vph,AalE_tig00021708-10-192480_vph_19,10745,11284,reverse,1,0.378,hypothetical
AalE_tig00021708-10-192480_vph,AalE_tig00021708-10-192480_vph_20,11316,14945,reverse,1,0.324,hypothetical
AalE_tig00021708-10-192480_vph,AalE_tig00021708-10-192480_vph_21,14983,15573,reverse,1,0.381,PRO_1
AalE_tig00021708-10-192480_vph,AalE_tig00021708-10-192480_vph_22,15610,17409,forward,0,0.37,MCP_1
AalE_tig00021708-10-192480_vph,AalE_tig00021708-10-192480_vph_23,17467,18078,reverse,1,0.327,hypothetical
AalE_tig00021708-10-192480_vph,AalE_tig00021708-10-192480_vph_24,18127,19050,reverse,1,0.346,ATPase_1
Aved_tig00056523-10-134420_vph,Aved_tig00056523-10-134420_vph_1,1,714,forward,0,0.276,hypothetical
Aved_tig00056523-10-134420_vph,Aved_tig00056523-10-134420_vph_2,714,1607,forward,0,0.254,hypothetical
Aved_tig00056523-10-134420_vph,Aved_tig00056523-10-134420_vph_3,1573,1821,forward,0,0.297,hypothetical
Aved_tig00056523-10-134420_vph,Aved_tig00056523-10-134420_vph_4,1882,2058,forward,0,0.249,hypothetical
Aved_tig00056523-10-134420_vph,Aved_tig00056523-10-134420_vph_5,2090,2269,forward,0,0.389,hypothetical
Aved_tig00056523-10-134420_vph,Aved_tig00056523-10-134420_vph_6,2301,3347,reverse,1,0.371,hypothetical
Aved_tig00056523-10-134420_vph,Aved_tig00056523-10-134420_vph_7,3389,3943,forward,0,0.362,hypothetical
Aved_tig00056523-10-134420_vph,Aved_tig00056523-10-134420_vph_8,3984,4142,forward,0,0.308,hypothetical
Aved_tig00056523-10-134420_vph,Aved_tig00056523-10-134420_vph_9,4144,4497,forward,0,0.393,hypothetical
Aved_tig00056523-10-134420_vph,Aved_tig00056523-10-134420_vph_10,4621,5145,forward,0,0.339,hypothetical
Aved_tig00056523-10-134420_vph,Aved_tig00056523-10-134420_vph_11,5130,6905,forward,0,0.258,hypothetical
Aved_tig00056523-10-134420_vph,Aved_tig00056523-10-134420_vph_12,6934,7476,forward,0,0.273,PRO_1
Aved_tig00056523-10-134420_vph,Aved_tig00056523-10-134420_vph_13,7501,8676,forward,0,0.283,Penton_1
Aved_tig00056523-10-134420_vph,Aved_tig00056523-10-134420_vph_14,8727,10592,forward,0,0.332,MCP_1
Aved_tig00056523-10-134420_vph,Aved_tig00056523-10-134420_vph_15,10774,10899,reverse,1,0.27,hypothetical
Aved_tig00056523-10-134420_vph,Aved_tig00056523-10-134420_vph_16,10922,11680,reverse,1,0.307,ATPase_1
Aved_tig00056523-10-134420_vph,Aved_tig00056523-10-134420_vph_17,11751,12047,forward,0,0.296,hypothetical
Aved_tig00056523-10-134420_vph,Aved_tig00056523-10-134420_vph_18,12083,12343,forward,0,0.261,hypothetical
Aved_tig00056523-10-134420_vph,Aved_tig00056523-10-134420_vph_19,12362,12664,forward,0,0.271,hypothetical
Aved_tig00056523-10-134420_vph,Aved_tig00056523-10-134420_vph_20,12651,12944,reverse,1,0.272,hypothetical
Aved_tig00056523-10-134420_vph,Aved_tig00056523-10-134420_vph_21,12944,13222,reverse,1,0.272,hypothetical
Aved_tig00303955-10-54120_vph,Aved_tig00303955-10-54120_vph_1,97,756,forward,0,0.336,hypothetical
Aved_tig00303955-10-54120_vph,Aved_tig00303955-10-54120_vph_2,888,1886,forward,0,0.271,hypothetical
Aved_tig00303955-10-54120_vph,Aved_tig00303955-10-54120_vph_3,1911,2105,reverse,1,0.272,hypothetical
Aved_tig00303955-10-54120_vph,Aved_tig00303955-10-54120_vph_4,2190,2855,forward,0,0.276,ATPase_1
Aved_tig00303955-10-54120_vph,Aved_tig00303955-10-54120_vph_5,2944,3483,forward,0,0.267,PRO_1
Aved_tig00303955-10-54120_vph,Aved_tig00303955-10-54120_vph_6,3504,4475,forward,0,0.32,Penton_1
Aved_tig00303955-10-54120_vph,Aved_tig00303955-10-54120_vph_7,4616,4837,forward,0,0.324,hypothetical
Aved_tig00303955-10-54120_vph,Aved_tig00303955-10-54120_vph_8,4870,5028,forward,0,0.296,hypothetical
Aved_tig00303955-10-54120_vph,Aved_tig00303955-10-54120_vph_9,5045,5293,reverse,1,0.269,hypothetical
Damh_tig00014446-10-220150_vph,Damh_tig00014446-10-220150_vph_1,176,550,forward,0,0.245,hypothetical
Damh_tig00014446-10-220150_vph,Damh_tig00014446-10-220150_vph_2,658,1011,forward,0,0.237,hypothetical
Damh_tig00014446-10-220150_vph,Damh_tig00014446-10-220150_vph_3,1261,1992,forward,0,0.242,hypothetical
Damh_tig00014446-10-220150_vph,Damh_tig00014446-10-220150_vph_4,2032,3096,forward,0,0.23,hypothetical
Damh_tig00014446-10-220150_vph,Damh_tig00014446-10-220150_vph_5,3199,3531,forward,0,0.237,hypothetical
Damh_tig00014446-10-220150_vph,Damh_tig00014446-10-220150_vph_6,3631,5019,forward,0,0.232,hypothetical
Damh_tig00014446-10-220150_vph,Damh_tig00014446-10-220150_vph_7,5054,5260,forward,0,0.208,hypothetical
Damh_tig00014446-10-220150_vph,Damh_tig00014446-10-220150_vph_8,5264,6436,reverse,1,0.286,hypothetical
Damh_tig00014446-10-220150_vph,Damh_tig00014446-10-220150_vph_9,6499,6681,forward,0,0.18,hypothetical
Damh_tig00014446-10-220150_vph,Damh_tig00014446-10-220150_vph_10,6694,6981,forward,0,0.243,hypothetical
Damh_tig00014446-10-220150_vph,Damh_tig00014446-10-220150_vph_11,7028,7198,forward,0,0.216,hypothetical
Damh_tig00014446-10-220150_vph,Damh_tig00014446-10-220150_vph_12,7204,7752,reverse,1,0.288,hypothetical
Damh_tig00014446-10-220150_vph,Damh_tig00014446-10-220150_vph_13,7721,7840,reverse,1,0.233,hypothetical
Damh_tig00014446-10-220150_vph,Damh_tig00014446-10-220150_vph_14,7896,8132,forward,0,0.287,hypothetical
Damh_tig00014446-10-220150_vph,Damh_tig00014446-10-220150_vph_15,8155,8391,forward,0,0.354,hypothetical
Damh_tig00014446-10-220150_vph,Damh_tig00014446-10-220150_vph_16,8459,10873,forward,0,0.33,hypothetical
Damh_tig00014446-10-220150_vph,Damh_tig00014446-10-220150_vph_17,10882,11685,reverse,1,0.226,ATPase_1
Damh_tig00014446-10-220150_vph,Damh_tig00014446-10-220150_vph_18,11742,11984,forward,0,0.267,hypothetical
Damh_tig00014446-10-220150_vph,Damh_tig00014446-10-220150_vph_19,11981,12769,reverse,1,0.256,hypothetical
Damh_tig00014446-10-220150_vph,Damh_tig00014446-10-220150_vph_20,12927,13277,reverse,1,0.282,hypothetical
Damh_tig00014446-10-220150_vph,Damh_tig00014446-10-220150_vph_21,13249,13488,reverse,1,0.271,hypothetical
Damh_tig00014446-10-220150_vph,Damh_tig00014446-10-220150_vph_22,13519,14451,reverse,1,0.322,hypothetical
Damh_tig00014446-10-220150_vph,Damh_tig00014446-10-220150_vph_23,14604,16298,reverse,1,0.33,MCP_1
Damh_tig00014446-10-220150_vph,Damh_tig00014446-10-220150_vph_24,16501,16716,forward,0,0.231,hypothetical
Damh_tig00014446-10-220150_vph,Damh_tig00014446-10-220150_vph_25,16746,16931,reverse,1,0.21,hypothetical
Damh_tig00014446-10-220150_vph,Damh_tig00014446-10-220150_vph_26,16937,17311,reverse,1,0.28,hypothetical
Damh_tig00014446-10-220150_vph,Damh_tig00014446-10-220150_vph_27,17339,18007,reverse,1,0.209,hypothetical
Damh_tig00014446-10-220150_vph,Damh_tig00014446-10-220150_vph_28,18015,18272,reverse,1,0.233,hypothetical
Damh_tig00014446-10-220150_vph,Damh_tig00014446-10-220150_vph_29,18241,18909,reverse,1,0.271,hypothetical
Damh_tig00014446-10-220150_vph,Damh_tig00014446-10-220150_vph_30,18957,20057,forward,0,0.277,Penton_1
Damh_tig00014446-10-220150_vph,Damh_tig00014446-10-220150_vph_31,20089,20643,forward,0,0.245,PRO_1
Damh_tig00014446-10-220150_vph,Damh_tig00014446-10-220150_vph_32,21438,21593,reverse,1,0.237,hypothetical
Damh_tig00018526-10-141480_vph,Damh_tig00018526-10-141480_vph_1,3,92,forward,0,0.411,hypothetical
Damh_tig00018526-10-141480_vph,Damh_tig00018526-10-141480_vph_2,165,404,forward,0,0.275,hypothetical
Damh_tig00018526-10-141480_vph,Damh_tig00018526-10-141480_vph_3,416,619,forward,0,0.289,hypothetical
Damh_tig00018526-10-141480_vph,Damh_tig00018526-10-141480_vph_4,609,911,forward,0,0.231,hypothetical
Damh_tig00018526-10-141480_vph,Damh_tig00018526-10-141480_vph_5,947,2218,forward,0,0.314,hypothetical
Damh_tig00018526-10-141480_vph,Damh_tig00018526-10-141480_vph_6,2245,2988,forward,0,0.306,hypothetical
Damh_tig00018526-10-141480_vph,Damh_tig00018526-10-141480_vph_7,2995,3522,forward,0,0.271,PRO_1
Damh_tig00018526-10-141480_vph,Damh_tig00018526-10-141480_vph_8,3544,4623,forward,0,0.29,Penton_1
Damh_tig00018526-10-141480_vph,Damh_tig00018526-10-141480_vph_9,4657,5718,forward,0,0.357,hypothetical
Damh_tig00018526-10-141480_vph,Damh_tig00018526-10-141480_vph_10,5715,6290,forward,0,0.278,hypothetical
Damh_tig00018526-10-141480_vph,Damh_tig00018526-10-141480_vph_11,6305,7069,reverse,1,0.298,ATPase_1
Damh_tig00018526-10-141480_vph,Damh_tig00018526-10-141480_vph_12,7144,8292,reverse,1,0.27,hypothetical
Damh_tig00018526-10-141480_vph,Damh_tig00018526-10-141480_vph_13,8302,8577,forward,0,0.257,hypothetical
Damh_tig00018526-10-141480_vph,Damh_tig00018526-10-141480_vph_14,8592,10394,reverse,1,0.324,MCP_1
Damh_tig00018526-10-141480_vph,Damh_tig00018526-10-141480_vph_15,10431,10628,reverse,1,0.298,hypothetical
Damh_tig00018526-10-141480_vph,Damh_tig00018526-10-141480_vph_16,10653,13964,reverse,1,0.27,hypothetical
Damh_tig00046628-10-92530_vph,Damh_tig00046628-10-92530_vph_1,33,551,reverse,1,0.22,PRO_1
Damh_tig00046628-10-92530_vph,Damh_tig00046628-10-92530_vph_2,584,868,reverse,1,0.274,Penton_1
Damh_tig00046628-10-92530_vph,Damh_tig00046628-10-92530_vph_3,996,1691,reverse,1,0.292,Penton_1
Damh_tig00046628-10-92530_vph,Damh_tig00046628-10-92530_vph_4,1731,2552,forward,0,0.206,hypothetical
Damh_tig00046628-10-92530_vph,Damh_tig00046628-10-92530_vph_5,2552,2692,forward,0,0.227,hypothetical
Damh_tig00046628-10-92530_vph,Damh_tig00046628-10-92530_vph_6,2701,2943,forward,0,0.235,hypothetical
Damh_tig00046628-10-92530_vph,Damh_tig00046628-10-92530_vph_7,3332,3478,forward,0,0.177,hypothetical
Damh_tig00046628-10-92530_vph,Damh_tig00046628-10-92530_vph_8,3770,5002,forward,0,0.299,MCP_1
Damh_tig00046628-10-92530_vph,Damh_tig00046628-10-92530_vph_9,5379,5528,forward,0,0.287,hypothetical
Damh_tig00046628-10-92530_vph,Damh_tig00046628-10-92530_vph_10,5721,5888,forward,0,0.268,hypothetical
Damh_tig00046628-10-92530_vph,Damh_tig00046628-10-92530_vph_11,5918,6109,forward,0,0.292,hypothetical
Damh_tig00046628-10-92530_vph,Damh_tig00046628-10-92530_vph_12,6116,6343,forward,0,0.417,hypothetical
Damh_tig00046628-10-92530_vph,Damh_tig00046628-10-92530_vph_13,7341,8063,forward,0,0.231,hypothetical
Damh_tig00046628-10-92530_vph,Damh_tig00046628-10-92530_vph_14,8020,8238,forward,0,0.187,hypothetical
Damh_tig00046628-10-92530_vph,Damh_tig00046628-10-92530_vph_15,8300,8479,reverse,1,0.222,hypothetical
Damh_tig00046628-10-92530_vph,Damh_tig00046628-10-92530_vph_16,8531,8833,forward,0,0.234,ATPase_1
Damh_tig00046628-10-92530_vph,Damh_tig00046628-10-92530_vph_17,8959,9303,forward,0,0.232,ATPase_1
Fred_tig00051270-10-161640_vph,Fred_tig00051270-10-161640_vph_1,3,1073,reverse,1,0.398,hypothetical
Fred_tig00051270-10-161640_vph,Fred_tig00051270-10-161640_vph_2,1157,1447,forward,0,0.405,hypothetical
Fred_tig00051270-10-161640_vph,Fred_tig00051270-10-161640_vph_3,1486,1746,reverse,1,0.425,hypothetical
Fred_tig00051270-10-161640_vph,Fred_tig00051270-10-161640_vph_4,1755,2483,reverse,1,0.398,hypothetical
Fred_tig00051270-10-161640_vph,Fred_tig00051270-10-161640_vph_5,2613,3245,reverse,1,0.374,hypothetical
Fred_tig00051270-10-161640_vph,Fred_tig00051270-10-161640_vph_6,3307,3636,forward,0,0.421,hypothetical
Fred_tig00051270-10-161640_vph,Fred_tig00051270-10-161640_vph_7,3693,4019,forward,0,0.437,hypothetical
Fred_tig00051270-10-161640_vph,Fred_tig00051270-10-161640_vph_8,4459,6729,forward,0,0.428,hypothetical
Fred_tig00051270-10-161640_vph,Fred_tig00051270-10-161640_vph_9,6713,7243,reverse,1,0.444,hypothetical
Fred_tig00051270-10-161640_vph,Fred_tig00051270-10-161640_vph_10,7355,7873,forward,0,0.441,hypothetical
Fred_tig00051270-10-161640_vph,Fred_tig00051270-10-161640_vph_11,7926,8552,forward,0,0.396,hypothetical
Fred_tig00051270-10-161640_vph,Fred_tig00051270-10-161640_vph_12,8533,8742,reverse,1,0.395,hypothetical
Fred_tig00051270-10-161640_vph,Fred_tig00051270-10-161640_vph_13,8755,9633,reverse,1,0.435,hypothetical
Fred_tig00051270-10-161640_vph,Fred_tig00051270-10-161640_vph_14,9692,10204,forward,0,0.423,PRO_1
Fred_tig00051270-10-161640_vph,Fred_tig00051270-10-161640_vph_15,10250,10474,reverse,1,0.427,hypothetical
Fred_tig00051270-10-161640_vph,Fred_tig00051270-10-161640_vph_16,10517,11167,reverse,1,0.456,hypothetical
Fred_tig00051270-10-161640_vph,Fred_tig00051270-10-161640_vph_17,11261,11635,reverse,1,0.451,hypothetical
Fred_tig00051270-10-161640_vph,Fred_tig00051270-10-161640_vph_18,11690,12451,reverse,1,0.44,hypothetical
Fred_tig00051270-10-161640_vph,Fred_tig00051270-10-161640_vph_19,12517,12843,forward,0,0.419,MCP_1
Fred_tig00051270-10-161640_vph,Fred_tig00051270-10-161640_vph_20,13164,14798,forward,0,0.449,MCP_1
Fred_tig00051270-10-161640_vph,Fred_tig00051270-10-161640_vph_21,14924,15313,forward,0,0.413,hypothetical
Fred_tig00051270-10-161640_vph,Fred_tig00051270-10-161640_vph_22,15310,15477,reverse,1,0.399,hypothetical
Fred_tig00051270-10-161640_vph,Fred_tig00051270-10-161640_vph_23,15455,16168,reverse,1,0.412,Penton_1
Fred_tig00089364-10-137080_vph,Fred_tig00089364-10-137080_vph_1,3,404,forward,0,0.244,hypothetical
Fred_tig00089364-10-137080_vph,Fred_tig00089364-10-137080_vph_2,504,1199,forward,0,0.241,hypothetical
Fred_tig00089364-10-137080_vph,Fred_tig00089364-10-137080_vph_3,1331,1534,forward,0,0.235,hypothetical
Fred_tig00089364-10-137080_vph,Fred_tig00089364-10-137080_vph_4,1518,2996,forward,0,0.261,hypothetical
Fred_tig00089364-10-137080_vph,Fred_tig00089364-10-137080_vph_5,3058,3243,forward,0,0.301,hypothetical
Fred_tig00089364-10-137080_vph,Fred_tig00089364-10-137080_vph_6,3289,5097,forward,0,0.337,MCP_1
Fred_tig00089364-10-137080_vph,Fred_tig00089364-10-137080_vph_7,5112,5387,reverse,1,0.243,hypothetical
Fred_tig00089364-10-137080_vph,Fred_tig00089364-10-137080_vph_8,5397,6557,forward,0,0.289,hypothetical
Fred_tig00089364-10-137080_vph,Fred_tig00089364-10-137080_vph_9,6631,6747,forward,0,0.291,hypothetical
Fred_tig00089364-10-137080_vph,Fred_tig00089364-10-137080_vph_10,6744,7397,forward,0,0.315,ATPase_1
Fred_tig00089364-10-137080_vph,Fred_tig00089364-10-137080_vph_11,7447,8298,reverse,1,0.329,hypothetical
Fred_tig00089364-10-137080_vph,Fred_tig00089364-10-137080_vph_12,8313,9380,reverse,1,0.359,hypothetical
Fred_tig00089364-10-137080_vph,Fred_tig00089364-10-137080_vph_13,9412,10542,reverse,1,0.3,Penton_1
Fred_tig00089364-10-137080_vph,Fred_tig00089364-10-137080_vph_14,10505,11032,reverse,1,0.284,PRO_1
Fred_tig00089364-10-137080_vph,Fred_tig00089364-10-137080_vph_15,11075,11674,forward,0,0.308,hypothetical
Fred_tig00089364-10-137080_vph,Fred_tig00089364-10-137080_vph_16,11690,12064,reverse,1,0.341,hypothetical
Fred_tig00089364-10-137080_vph,Fred_tig00089364-10-137080_vph_17,12009,12488,reverse,1,0.304,hypothetical
Fred_tig00089364-10-137080_vph,Fred_tig00089364-10-137080_vph_18,12545,12805,reverse,1,0.234,hypothetical
Fred_tig00089364-10-137080_vph,Fred_tig00089364-10-137080_vph_19,13021,13194,reverse,1,0.287,hypothetical
Fred_tig00089364-10-137080_vph,Fred_tig00089364-10-137080_vph_20,13191,13538,reverse,1,0.273,hypothetical
Hade_tig00086668-10-71420_vph,Hade_tig00086668-10-71420_vph_1,122,442,reverse,1,0.259,PRO_1
Hade_tig00086668-10-71420_vph,Hade_tig00086668-10-71420_vph_2,474,1574,reverse,1,0.272,Penton_1
Hade_tig00086668-10-71420_vph,Hade_tig00086668-10-71420_vph_3,1621,3192,forward,0,0.239,hypothetical
Hade_tig00086668-10-71420_vph,Hade_tig00086668-10-71420_vph_4,3221,3595,forward,0,0.275,hypothetical
Hade_tig00086668-10-71420_vph,Hade_tig00086668-10-71420_vph_5,3607,3786,forward,0,0.183,hypothetical
Hade_tig00086668-10-71420_vph,Hade_tig00086668-10-71420_vph_6,3816,4052,reverse,1,0.224,hypothetical
Hade_tig00086668-10-71420_vph,Hade_tig00086668-10-71420_vph_7,4170,5579,forward,0,0.333,MCP_1
Hade_tig00086668-10-71420_vph,Hade_tig00086668-10-71420_vph_8,5747,6010,forward,0,0.311,hypothetical
Hade_tig00086668-10-71420_vph,Hade_tig00086668-10-71420_vph_9,5988,6680,forward,0,0.339,hypothetical
Hade_tig00086668-10-71420_vph,Hade_tig00086668-10-71420_vph_10,6711,6926,forward,0,0.25,hypothetical
Lyne_tig00028020-10-249450_vph,Lyne_tig00028020-10-249450_vph_1,2108,2497,forward,0,0.3,hypothetical
Lyne_tig00028020-10-249450_vph,Lyne_tig00028020-10-249450_vph_2,2498,2785,reverse,1,0.288,hypothetical
Lyne_tig00028020-10-249450_vph,Lyne_tig00028020-10-249450_vph_3,3014,3244,reverse,1,0.268,hypothetical
Lyne_tig00028020-10-249450_vph,Lyne_tig00028020-10-249450_vph_4,3189,3365,reverse,1,0.277,hypothetical
Lyne_tig00028020-10-249450_vph,Lyne_tig00028020-10-249450_vph_5,3466,3759,reverse,1,0.299,hypothetical
Lyne_tig00028020-10-249450_vph,Lyne_tig00028020-10-249450_vph_6,3769,4326,forward,0,0.301,PRO_1
Lyne_tig00028020-10-249450_vph,Lyne_tig00028020-10-249450_vph_7,4323,5120,reverse,1,0.321,ATPase_1
Lyne_tig00028020-10-249450_vph,Lyne_tig00028020-10-249450_vph_8,5148,5375,forward,0,0.307,hypothetical
Lyne_tig00028020-10-249450_vph,Lyne_tig00028020-10-249450_vph_9,5349,5918,reverse,1,0.279,hypothetical
Lyne_tig00028020-10-249450_vph,Lyne_tig00028020-10-249450_vph_10,5995,6384,forward,0,0.338,hypothetical
Lyne_tig00028020-10-249450_vph,Lyne_tig00028020-10-249450_vph_11,6441,7220,forward,0,0.324,hypothetical
Lyne_tig00028020-10-249450_vph,Lyne_tig00028020-10-249450_vph_12,7694,10537,forward,0,0.291,hypothetical
Lyne_tig00028020-10-249450_vph,Lyne_tig00028020-10-249450_vph_13,10506,10712,forward,0,0.3,hypothetical
Lyne_tig00028020-10-249450_vph,Lyne_tig00028020-10-249450_vph_14,11143,11319,reverse,1,0.328,hypothetical
Lyne_tig00028020-10-249450_vph,Lyne_tig00028020-10-249450_vph_15,11393,11761,forward,0,0.298,hypothetical
Lyne_tig00028020-10-249450_vph,Lyne_tig00028020-10-249450_vph_16,11855,12352,forward,0,0.305,hypothetical
Lyne_tig00028020-10-249450_vph,Lyne_tig00028020-10-249450_vph_17,12408,12788,forward,0,0.331,hypothetical
Lyne_tig00028020-10-249450_vph,Lyne_tig00028020-10-249450_vph_18,12833,13237,forward,0,0.348,hypothetical
Lyne_tig00028020-10-249450_vph,Lyne_tig00028020-10-249450_vph_19,13281,14582,forward,0,0.293,hypothetical
Lyne_tig00028020-10-249450_vph,Lyne_tig00028020-10-249450_vph_20,14579,15604,reverse,1,0.303,hypothetical
Lyne_tig00028020-10-249450_vph,Lyne_tig00028020-10-249450_vph_21,15648,15965,forward,0,0.289,hypothetical
Lyne_tig00028020-10-249450_vph,Lyne_tig00028020-10-249450_vph_22,15981,16211,forward,0,0.277,hypothetical
Lyne_tig00028020-10-249450_vph,Lyne_tig00028020-10-249450_vph_23,16244,18748,forward,0,0.324,hypothetical
Lyne_tig00028020-10-249450_vph,Lyne_tig00028020-10-249450_vph_24,18745,19440,reverse,1,0.276,hypothetical
Lyne_tig00028020-10-249450_vph,Lyne_tig00028020-10-249450_vph_25,19483,20580,forward,0,0.318,Penton_1
Lyne_tig00028020-10-249450_vph,Lyne_tig00028020-10-249450_vph_26,20642,21265,forward,0,0.338,MCP_1
Lyne_tig00028020-10-249450_vph,Lyne_tig00028020-10-249450_vph_27,21296,21901,forward,0,0.338,MCP_1
Lyne_tig00028020-10-249450_vph,Lyne_tig00028020-10-249450_vph_28,21850,22197,forward,0,0.394,MCP_1
Lyne_tig00028020-10-249450_vph,Lyne_tig00028020-10-249450_vph_29,22420,23241,forward,0,0.342,hypothetical
Lyne_tig00028020-10-249450_vph,Lyne_tig00028020-10-249450_vph_30,23286,23504,forward,0,0.297,hypothetical
Lyne_tig00028020-10-249450_vph,Lyne_tig00028020-10-249450_vph_31,23464,23826,forward,0,0.3,hypothetical
Lyne_tig00028020-10-249450_vph,Lyne_tig00028020-10-249450_vph_32,23771,23947,forward,0,0.282,hypothetical
Lyne_tig00028020-10-249450_vph,Lyne_tig00028020-10-249450_vph_33,23952,24230,forward,0,0.28,hypothetical
Lyne_tig00028020-10-249450_vph,Lyne_tig00028020-10-249450_vph_34,24227,24832,forward,0,0.267,hypothetical
Lyne_tig00033829-10-240680_vph,Lyne_tig00033829-10-240680_vph_1,1,513,forward,0,0.429,hypothetical
Lyne_tig00033829-10-240680_vph,Lyne_tig00033829-10-240680_vph_2,1668,2390,reverse,1,0.405,hypothetical
Lyne_tig00033829-10-240680_vph,Lyne_tig00033829-10-240680_vph_3,3325,3585,forward,0,0.284,hypothetical
Lyne_tig00033829-10-240680_vph,Lyne_tig00033829-10-240680_vph_4,3676,4389,forward,0,0.422,hypothetical
Lyne_tig00033829-10-240680_vph,Lyne_tig00033829-10-240680_vph_5,4452,5006,reverse,1,0.245,PRO_1
Lyne_tig00033829-10-240680_vph,Lyne_tig00033829-10-240680_vph_6,5038,6138,reverse,1,0.275,Penton_1
Lyne_tig00033829-10-240680_vph,Lyne_tig00033829-10-240680_vph_7,6185,7756,forward,0,0.232,hypothetical
Lyne_tig00033829-10-240680_vph,Lyne_tig00033829-10-240680_vph_8,7785,8159,forward,0,0.275,hypothetical
Lyne_tig00033829-10-240680_vph,Lyne_tig00033829-10-240680_vph_9,8171,8350,forward,0,0.194,hypothetical
Lyne_tig00033829-10-240680_vph,Lyne_tig00033829-10-240680_vph_10,8380,8595,reverse,1,0.218,hypothetical
Lyne_tig00033829-10-240680_vph,Lyne_tig00033829-10-240680_vph_11,8641,8991,reverse,1,0.256,hypothetical
Lyne_tig00033829-10-240680_vph,Lyne_tig00033829-10-240680_vph_12,9069,10763,forward,0,0.329,MCP_1
Lyne_tig00033829-10-240680_vph,Lyne_tig00033829-10-240680_vph_13,10917,11849,forward,0,0.326,hypothetical
Lyne_tig00033829-10-240680_vph,Lyne_tig00033829-10-240680_vph_14,11880,12116,forward,0,0.27,hypothetical
Lyne_tig00033829-10-240680_vph,Lyne_tig00033829-10-240680_vph_15,12091,12546,forward,0,0.272,hypothetical
Lyne_tig00033829-10-240680_vph,Lyne_tig00033829-10-240680_vph_16,12597,13385,forward,0,0.26,hypothetical
Lyne_tig00033829-10-240680_vph,Lyne_tig00033829-10-240680_vph_17,13382,13624,reverse,1,0.259,hypothetical
Lyne_tig00033829-10-240680_vph,Lyne_tig00033829-10-240680_vph_18,13681,14484,forward,0,0.231,ATPase_1
Lyne_tig00033829-10-240680_vph,Lyne_tig00033829-10-240680_vph_19,14493,16079,reverse,1,0.343,hypothetical
Lyne_tig00033829-10-240680_vph,Lyne_tig00033829-10-240680_vph_20,16103,16906,reverse,1,0.292,hypothetical
Lyne_tig00033829-10-240680_vph,Lyne_tig00033829-10-240680_vph_21,16967,17488,reverse,1,0.318,hypothetical
Lyne_tig00033829-10-240680_vph,Lyne_tig00033829-10-240680_vph_22,17540,18175,forward,0,0.272,hypothetical
Lyne_tig00033829-10-240680_vph,Lyne_tig00033829-10-240680_vph_23,18181,18351,reverse,1,0.216,hypothetical
Lyne_tig00033829-10-240680_vph,Lyne_tig00033829-10-240680_vph_24,18398,18685,reverse,1,0.243,hypothetical
Lyne_tig00033829-10-240680_vph,Lyne_tig00033829-10-240680_vph_25,18698,18880,reverse,1,0.186,hypothetical
Lyne_tig00033829-10-240680_vph,Lyne_tig00033829-10-240680_vph_26,18943,20058,forward,0,0.286,hypothetical
Lyne_tig00033829-10-240680_vph,Lyne_tig00033829-10-240680_vph_27,20156,20593,reverse,1,0.263,hypothetical
Lyne_tig00033829-10-240680_vph,Lyne_tig00033829-10-240680_vph_28,20566,21543,reverse,1,0.222,hypothetical
Lyne_tig00033829-10-240680_vph,Lyne_tig00033829-10-240680_vph_29,21643,21975,reverse,1,0.237,hypothetical
Lyne_tig00033829-10-240680_vph,Lyne_tig00033829-10-240680_vph_30,22078,23991,reverse,1,0.23,hypothetical
Lyne_tig00044463-10-176290_vph,Lyne_tig00044463-10-176290_vph_1,217,1206,forward,0,0.239,hypothetical
Lyne_tig00044463-10-176290_vph,Lyne_tig00044463-10-176290_vph_2,1224,1475,reverse,1,0.242,hypothetical
Lyne_tig00044463-10-176290_vph,Lyne_tig00044463-10-176290_vph_3,1629,2339,reverse,1,0.245,hypothetical
Lyne_tig00044463-10-176290_vph,Lyne_tig00044463-10-176290_vph_4,2463,2975,forward,0,0.212,hypothetical
Lyne_tig00044463-10-176290_vph,Lyne_tig00044463-10-176290_vph_5,3127,3549,forward,0,0.232,hypothetical
Lyne_tig00044463-10-176290_vph,Lyne_tig00044463-10-176290_vph_6,3573,4124,forward,0,0.23,hypothetical
Lyne_tig00044463-10-176290_vph,Lyne_tig00044463-10-176290_vph_7,4237,4368,forward,0,0.212,hypothetical
Lyne_tig00044463-10-176290_vph,Lyne_tig00044463-10-176290_vph_8,4455,4568,forward,0,0.254,hypothetical
Lyne_tig00044463-10-176290_vph,Lyne_tig00044463-10-176290_vph_9,4544,4738,forward,0,0.246,hypothetical
Lyne_tig00044463-10-176290_vph,Lyne_tig00044463-10-176290_vph_10,4865,5719,reverse,1,0.263,hypothetical
Lyne_tig00044463-10-176290_vph,Lyne_tig00044463-10-176290_vph_11,5860,6246,reverse,1,0.233,hypothetical
Lyne_tig00044463-10-176290_vph,Lyne_tig00044463-10-176290_vph_12,6260,6655,reverse,1,0.394,hypothetical
Lyne_tig00044463-10-176290_vph,Lyne_tig00044463-10-176290_vph_13,6688,7038,reverse,1,0.313,hypothetical
Lyne_tig00044463-10-176290_vph,Lyne_tig00044463-10-176290_vph_14,7170,7709,reverse,1,0.278,hypothetical
Lyne_tig00044463-10-176290_vph,Lyne_tig00044463-10-176290_vph_15,7925,8455,reverse,1,0.32,MCP_1
Lyne_tig00044463-10-176290_vph,Lyne_tig00044463-10-176290_vph_16,8629,9618,reverse,1,0.319,MCP_1
Lyne_tig00044463-10-176290_vph,Lyne_tig00044463-10-176290_vph_17,9896,10270,reverse,1,0.28,hypothetical
Lyne_tig00044463-10-176290_vph,Lyne_tig00044463-10-176290_vph_18,10300,11115,reverse,1,0.206,hypothetical
Lyne_tig00044463-10-176290_vph,Lyne_tig00044463-10-176290_vph_19,11358,12269,forward,0,0.275,Penton_1
Lyne_tig00044463-10-176290_vph,Lyne_tig00044463-10-176290_vph_20,12310,12870,forward,0,0.253,PRO_1
Lyne_tig00044463-10-176290_vph,Lyne_tig00044463-10-176290_vph_21,13066,13272,reverse,1,0.386,hypothetical
Lyne_tig00044463-10-176290_vph,Lyne_tig00044463-10-176290_vph_22,13536,13739,forward,0,0.358,hypothetical
Lyne_tig00044463-10-176290_vph,Lyne_tig00044463-10-176290_vph_23,13763,14002,reverse,1,0.246,hypothetical
Lyne_tig00044463-10-176290_vph,Lyne_tig00044463-10-176290_vph_24,14072,14884,forward,0,0.267,ATPase_1
Lyne_tig00044463-10-176290_vph,Lyne_tig00044463-10-176290_vph_25,14978,15388,reverse,1,0.268,hypothetical
Lyne_tig00044463-10-176290_vph,Lyne_tig00044463-10-176290_vph_26,15439,16917,reverse,1,0.332,hypothetical
Lyne_tig00044463-10-176290_vph,Lyne_tig00044463-10-176290_vph_27,17339,17710,forward,0,0.266,hypothetical
Skiv_tig00138093-10-67990_vph,Skiv_tig00138093-10-67990_vph_1,3,101,reverse,1,0.263,hypothetical
Skiv_tig00138093-10-67990_vph,Skiv_tig00138093-10-67990_vph_2,562,939,forward,0,0.228,hypothetical
Skiv_tig00138093-10-67990_vph,Skiv_tig00138093-10-67990_vph_3,1631,1942,forward,0,0.234,ATPase_1
Skiv_tig00138093-10-67990_vph,Skiv_tig00138093-10-67990_vph_4,1943,2197,reverse,1,0.286,hypothetical
Skiv_tig00138093-10-67990_vph,Skiv_tig00138093-10-67990_vph_5,2281,2658,reverse,1,0.307,hypothetical
Skiv_tig00138093-10-67990_vph,Skiv_tig00138093-10-67990_vph_6,2854,2982,reverse,1,0.209,hypothetical
Skiv_tig00138093-10-67990_vph,Skiv_tig00138093-10-67990_vph_7,2930,3130,reverse,1,0.234,hypothetical
Skiv_tig00138093-10-67990_vph,Skiv_tig00138093-10-67990_vph_8,3070,3186,reverse,1,0.291,hypothetical
Skiv_tig00138093-10-67990_vph,Skiv_tig00138093-10-67990_vph_9,3233,3439,reverse,1,0.285,hypothetical
Skiv_tig00138093-10-67990_vph,Skiv_tig00138093-10-67990_vph_10,3659,4006,reverse,1,0.316,hypothetical
Skiv_tig00138093-10-67990_vph,Skiv_tig00138093-10-67990_vph_11,4215,4721,reverse,1,0.26,Penton_1
Skiv_tig00138093-10-67990_vph,Skiv_tig00138093-10-67990_vph_12,4794,5138,reverse,1,0.255,Penton_1
Skiv_tig00138093-10-67990_vph,Skiv_tig00138093-10-67990_vph_13,5159,5320,reverse,1,0.204,PRO_1
Skiv_tig00138093-10-67990_vph,Skiv_tig00138093-10-67990_vph_14,5536,5760,reverse,1,0.307,hypothetical
Skiv_tig00138093-10-67990_vph,Skiv_tig00138093-10-67990_vph_15,5809,6117,reverse,1,0.327,hypothetical
Skiv_tig00138093-10-67990_vph,Skiv_tig00138093-10-67990_vph_16,6197,6610,forward,0,0.268,hypothetical
Vibo_tig00073545-10-42870_vph,Vibo_tig00073545-10-42870_vph_1,3,158,reverse,1,0.641,hypothetical
Vibo_tig00073545-10-42870_vph,Vibo_tig00073545-10-42870_vph_2,203,922,reverse,1,0.59,ATPase_1
Vibo_tig00073545-10-42870_vph,Vibo_tig00073545-10-42870_vph_3,1169,2401,forward,0,0.619,Penton_1
Vibo_tig00073545-10-42870_vph,Vibo_tig00073545-10-42870_vph_4,2643,4310,forward,0,0.625,MCP_1
Viby_tig00043866-10-124870_vph,Viby_tig00043866-10-124870_vph_1,1,309,reverse,1,0.385,hypothetical
Viby_tig00043866-10-124870_vph,Viby_tig00043866-10-124870_vph_2,269,892,reverse,1,0.394,hypothetical
Viby_tig00043866-10-124870_vph,Viby_tig00043866-10-124870_vph_3,1072,1458,reverse,1,0.375,MCP_1
Viby_tig00043866-10-124870_vph,Viby_tig00043866-10-124870_vph_4,1494,1751,reverse,1,0.318,MCP_1
Viby_tig00043866-10-124870_vph,Viby_tig00043866-10-124870_vph_5,2822,3937,reverse,1,0.335,Penton_1
Viby_tig00043866-10-124870_vph,Viby_tig00043866-10-124870_vph_6,3972,4889,forward,0,0.229,hypothetical
Viby_tig00043866-10-124870_vph,Viby_tig00043866-10-124870_vph_7,4890,5675,forward,0,0.318,ATPase_1
Viby_tig00043866-10-124870_vph,Viby_tig00043866-10-124870_vph_8,5672,7828,reverse,1,0.332,hypothetical
Viby_tig00043866-10-124870_vph,Viby_tig00043866-10-124870_vph_9,7941,8309,reverse,1,0.249,hypothetical
Viby_tig00043866-10-124870_vph,Viby_tig00043866-10-124870_vph_10,8372,8587,reverse,1,0.273,hypothetical
Viby_tig00043866-10-124870_vph,Viby_tig00043866-10-124870_vph_11,8621,8911,reverse,1,0.268,hypothetical
Viby_tig00043866-10-124870_vph,Viby_tig00043866-10-124870_vph_12,8966,10354,reverse,1,0.297,hypothetical
Viby_tig00043866-10-124870_vph,Viby_tig00043866-10-124870_vph_13,10411,10956,reverse,1,0.353,hypothetical
Viby_tig00043866-10-124870_vph,Viby_tig00043866-10-124870_vph_14,11137,11631,forward,0,0.313,hypothetical
Viby_tig00043866-10-124870_vph,Viby_tig00043866-10-124870_vph_15,11712,11936,forward,0,0.276,hypothetical
Viby_tig00043866-10-124870_vph,Viby_tig00043866-10-124870_vph_16,11922,12380,reverse,1,0.309,hypothetical
