Tree Node,Color,Label
Asfarviridae_AY261360_African_swine_fever_virus_isolate_Kenya_1950,#FFFF00,Asfuvirales
Asfarviridae_AY261361_African_swine_fever_virus_isolate_Malawi_Lil_20_1,#FFFF00,Asfuvirales
Asfarviridae_AY261362_African_swine_fever_virus_isolate_Mkuzi_1979,#FFFF00,Asfuvirales
Asfarviridae_KJ614390_Faustovirus_strain_E12,#FFFF00,Asfuvirales
Asfarviridae_KU702951_Faustovirus_strain_D6,#FFFF00,Asfuvirales
Schulz_GVMAG_M_3300027833_19,#FFFF00,Asfuvirales
Moniruzzaman_AF02_ERX556003_45_dc,#FFFF00,Asfuvirales
Schulz_GVMAG_M_3300018416_36,#FFFF00,Asfuvirales
TARA_MED_NCLDV_00012,#FFFF00,Asfuvirales
TARA_SOC_NCLDV_00027,#FFFF00,Asfuvirales
Moniruzzaman_LP01_ERX555961_17_dc,#006400,Algavirales
Moniruzzaman_LP01_ERX555967_111_dc,#006400,Algavirales
Moniruzzaman_LP01_SRX802076_50_dc,#006400,Algavirales
Phycodnaviridae_HM004430_Bathycoccus_sp_RCC1105_virus_BpV2,#006400,Algavirales
Schulz_GVMAG_S_1102110_122,#006400,Algavirales
Phycodnaviridae_JX997184_Paramecium_bursaria_Chlorella_virus_OR0704_2_2,#006400,Algavirales
Phycodnaviridae_JX997186_Acanthocystis_turfacea_Chlorella_virus_TN603_4_2,#006400,Algavirales
Moniruzzaman_LP03_ERX552270_64_dc,#006400,Algavirales
Moniruzzaman_LP03_ERX555907_69_dc,#006400,Algavirales
Schulz_GVMAG_S_1016713_174,#006400,Algavirales
Schulz_GVMAG_S_ERX555907_72,#006400,Algavirales
TARA_PSW_NCLDV_00036,#006400,Algavirales
Moniruzzaman_LP04_ERX552283_9_dc,#006400,Algavirales
Moniruzzaman_LP04_ERX556017_11_dc,#006400,Algavirales
Phycodnaviridae_KX008963_Heterosigma_akashiwo_virus_01_isolate_HaV53,#006400,Algavirales
Schulz_GVMAG_S_1102113_118,#006400,Algavirales
TARA_SOC_NCLDV_00021,#006400,Algavirales
Moniruzzaman_MM01_ERX552243_80_dc,#FF0800,Imitervirales
Moniruzzaman_MM01_ERX552270_55_dc,#FF0800,Imitervirales
Moniruzzaman_MM01_ERX552283_5_dc,#FF0800,Imitervirales
Schulz_GVMAG_M_3300025897_42,#FF0800,Imitervirales
TARA_MED_NCLDV_00061,#FF0800,Imitervirales
Moniruzzaman_MM07_ERX552253_37_dc,#FF0800,Imitervirales
Moniruzzaman_MM07_ERX552255_64_dc,#FF0800,Imitervirales
Moniruzzaman_MM07_SRX803008_112_dc,#FF0800,Imitervirales
Schulz_GVMAG_M_3300012920_30,#FF0800,Imitervirales
TARA_PSW_NCLDV_00013,#FF0800,Imitervirales
Moniruzzaman_MM07_SRX802073_62_dc,#FF0800,Imitervirales
Moniruzzaman_MM07_SRX802963_33_dc,#FF0800,Imitervirales
Schulz_GVMAG_M_3300025138_11,#FF0800,Imitervirales
TARA_AON_NCLDV_00008,#FF0800,Imitervirales
TARA_ARC_NCLDV_00162,#FF0800,Imitervirales
Mimiviridae_ChoanoV1,#FF0800,Imitervirales
Moniruzzaman_MM11_ERX552257_96_dc,#FF0800,Imitervirales
Schulz_GVMAG_M_3300020165_16,#FF0800,Imitervirales
TARA_PSW_NCLDV_00003,#FF0800,Imitervirales
Moniruzzaman_MM05_ERX552264_42_dc,#FF0800,Imitervirales
Moniruzzaman_MM05_ERX552285_69_dc,#FF0800,Imitervirales
Schulz_GVMAG_M_3300010368_17,#FF0800,Imitervirales
Schulz_GVMAG_M_3300023210_4,#FF0800,Imitervirales
TARA_ARC_NCLDV_00093,#FF0800,Imitervirales
Moniruzzaman_MM12_ERX555958_4_dc,#FF0800,Imitervirales
Moniruzzaman_MM12_ERX556091_17_dc,#FF0800,Imitervirales
Schulz_GVMAG_M_3300017956_25,#FF0800,Imitervirales
Schulz_GVMAG_M_3300023178_17,#FF0800,Imitervirales
TARA_ARC_NCLDV_00187,#FF0800,Imitervirales
Moniruzzaman_MM13_SRX802077_35_dc,#FF0800,Imitervirales
Moniruzzaman_MM13_SRX803008_78_dc,#FF0800,Imitervirales
Schulz_GVMAG_S_3300000115_46,#FF0800,Imitervirales
Schulz_GVMAG_S_3300010354_157,#FF0800,Imitervirales
Moniruzzaman_MM14_ERX556315_47_dc,#FF0800,Imitervirales
Moniruzzaman_MM14_SRX802963_76_dc,#FF0800,Imitervirales
Schulz_GVMAG_M_3300025727_45,#FF0800,Imitervirales
Mimiviridae_GU244497_Cafeteria_roenbergensis_virus_BV_PW1,#FF0800,Imitervirales
Mimiviridae_KM982402_UNVERIFIED_Acanthamoeba_polyphaga_mimivirus_strain_Kroon,#FF0800,Imitervirales
Mimiviridae_KY684085_Indivirus_ILV1_Indivirus_1,#FF0800,Imitervirales
Mimiviridae_MF405918_Tupanvirus_deep_ocean,#FF0800,Imitervirales
Mimiviridae_MK072132_Faunusvirus_sp_clone_Faunusvirus_1,#FF0800,Imitervirales
TARA_ARC_NCLDV_00085,#1B1E23,Proculvirales
TARA_ARC_NCLDV_00131,#1B1E23,Proculvirales
TARA_ARC_NCLDV_00135,#1B1E23,Proculvirales
TARA_ARC_NCLDV_00135,#1B1E23,Proculvirales
TARA_SOC_NCLDV_00024,#1B1E23,Proculvirales
Moniruzzaman_IR01_ERX552261_5_dc,#800080,Pimascovirales
Moniruzzaman_IR01_ERX552270_117_dc,#800080,Pimascovirales
Schulz_GVMAG_S_1016710_161,#800080,Pimascovirales
TARA_AON_NCLDV_00046,#800080,Pimascovirales
TARA_ARC_NCLDV_00140,#800080,Pimascovirales
Ascoviridae_CU469068_Complete_DpAV4,#800080,Pimascovirales
Ascoviridae_DQ517337_Trichoplusia_ni_ascovirus_2c,#800080,Pimascovirales
Ascoviridae_EF133465_Heliothis_virescens_ascovirus_3e,#800080,Pimascovirales
Ascoviridae_KJ755191_Heliothis_virescens_ascovirus_3f_isolate_LD135790,#800080,Pimascovirales
Ascoviridae_NC_008361_Spodoptera_frugiperda_ascovirus_1a,#800080,Pimascovirales
Iridoviridae_GQ273492_Turbot_reddish_body_iridovirus,#800080,Pimascovirales
Iridoviridae_JQ724856_European_sheatfish_virus,#800080,Pimascovirales
Iridoviridae_L63545_Lymphocystis_disease_virus_1,#800080,Pimascovirales
Moniruzzaman_IR02_ERX943717_62_dc,#800080,Pimascovirales
TARA_PON_NCLDV_00043,#800080,Pimascovirales
Marseilleviridae_HQ113105_Lausannevirus_isolate_7715,#800080,Pimascovirales
Marseilleviridae_KT752522_Brazilian_marseillevirus_strain_BH2014,#800080,Pimascovirales
Marseilleviridae_KX066233_Noumeavirus_isolate_NMV1,#800080,Pimascovirales
Schulz_GVMAG_S_1015567_928,#800080,Pimascovirales
Schulz_GVMAG_S_1048034_38,#800080,Pimascovirales
Pithoviridae_KF740664_Pithovirus_sibericum_isolate_P1084_T,#800080,Pimascovirales
Pithoviridae_LT671577_Cedratvirus_A11_monopartite,#800080,Pimascovirales
Pithoviridae_LT906555_Orpheovirus_IHUMI_LCC2,#800080,Pimascovirales
Pithoviridae_LT907979_Cedratvirus_lausannensis_cClCRIB_75,#800080,Pimascovirales
Pithoviridae_LT994651_Brazilian_cedratvirus_IHUMI_strain_IHUMI_27_7,#800080,Pimascovirales
Pithoviridae_MK072489_Solivirus_sp_clone_Solivirus_1,#800080,Pimascovirales
Pithoviridae_MK072498_Solumvirus_sp_clone_Solumvirus_1,#800080,Pimascovirales
Schulz_GVMAG_M_3300006802_11,#800080,Pimascovirales
Schulz_GVMAG_M_3300025138_2,#800080,Pimascovirales
Moniruzzaman_EP04_SRX802073_108_dc,#007FFF,Pandoravirales
Schulz_GVMAG_S_1102110_105,#007FFF,Pandoravirales
TARA_AON_NCLDV_00019,#007FFF,Pandoravirales
TARA_ARC_NCLDV_00182,#007FFF,Pandoravirales
TARA_PSW_NCLDV_00034,#007FFF,Pandoravirales
Moniruzzaman_EP06_ERX552244_11_dc,#007FFF,Pandoravirales
Phycodnaviridae_KF481685_Emiliania_huxleyi_virus_18,#007FFF,Pandoravirales
Schulz_GVMAG_S_3300010368_40,#007FFF,Pandoravirales
TARA_AOS_NCLDV_00002,#007FFF,Pandoravirales
TARA_AOS_NCLDV_00025,#007FFF,Pandoravirales
Poxviridae_AF063866_Melanoplus_sanguinipes_entomopoxvirus_Tucson,#808080,Chitovirales
Poxviridae_AF170722_Rabbit_fibroma_virus,#808080,Chitovirales
Poxviridae_AF198100_Fowlpox_virus,#808080,Chitovirales
Poxviridae_AF250284_Amsacta_moorei_entomopoxvirus,#808080,Chitovirales
Poxviridae_AF325528_Lumpy_skin_disease_virus_NI_2490_isolate_Neethling_2490,#808080,Chitovirales
Poxviridae_AF410153_Swinepox_virus_isolate_17077_99,#808080,Chitovirales
Poxviridae_AY318871_Canarypox_virus_strain_ATCC_VR_111,#808080,Chitovirales
Poxviridae_AY386371_Yaba_monkey_tumor_virus,#808080,Chitovirales
Poxviridae_HE601899_Squirrel_poxvirus_strain_Red_squirrel,#808080,Chitovirales
Poxviridae_HF679134_Mythimna_separata_entomopoxvirus,#808080,Chitovirales
